,id,seccion,agrupacion_ganadora,LA LIBERTAD AVANZA_perc,UNION POR LA PATRIA_perc,LA LIBERTAD AVANZA_votos,UNION POR LA PATRIA_votos,Participacion,electores,votantes,BLANCO_perc,IMPUGNADO_perc,NULO_perc,BLANCO_votos,IMPUGNADO_votos
0,BUENOS AIRES_25 DE MAYO,"25 De Mayo, Buenos Aires",LA LIBERTAD AVANZA,63.72,36.28,14530,8272,73.87,31823,23508,1.44,0.06,1.5,339,15
1,BUENOS AIRES_9 DE JULIO,"9 De Julio, Buenos Aires",LA LIBERTAD AVANZA,63.97,36.03,20408,11495,76.24,43181,32921,1.72,0.03,1.35,566,9
2,BUENOS AIRES_ADOLFO ALSINA,"Adolfo Alsina, Buenos Aires",LA LIBERTAD AVANZA,66.54,33.46,6732,3385,72.18,14521,10481,2.09,0.0,1.38,219,0
3,BUENOS AIRES_ADOLFO GONZALES CHAVES,"Adolfo Gonzales Chaves, Buenos Aires",LA LIBERTAD AVANZA,54.52,45.48,4177,3485,73.12,10893,7965,1.66,0.01,2.13,132,1
4,BUENOS AIRES_ALBERTI,"Alberti, Buenos Aires",LA LIBERTAD AVANZA,58.22,41.78,4314,3096,79.28,9645,7647,3.01,0.01,0.08,230,1
5,BUENOS AIRES_ALMIRANTE BROWN,"Almirante Brown, Buenos Aires",UNION POR LA PATRIA,41.1,58.9,140441,201239,77.27,455938,352282,1.59,0.05,1.37,5584,176
6,BUENOS AIRES_ARRECIFES,"Arrecifes, Buenos Aires",LA LIBERTAD AVANZA,58.35,41.65,11376,8120,77.37,25914,20050,1.7,0.05,1.01,340,11
7,BUENOS AIRES_AVELLANEDA,"Avellaneda, Buenos Aires",UNION POR LA PATRIA,42.4,57.6,93523,127060,77.5,294279,228075,2.11,0.08,1.1,4802,182
8,BUENOS AIRES_AYACUCHO,"Ayacucho, Buenos Aires",LA LIBERTAD AVANZA,54.96,45.04,7030,5761,73.16,18475,13517,3.34,0.04,2.0,451,5
9,BUENOS AIRES_AZUL,"Azul, Buenos Aires",LA LIBERTAD AVANZA,57.48,42.52,24024,17772,74.75,58339,43606,1.67,0.02,2.46,730,9
10,BUENOS AIRES_BAHIA BLANCA,"Bahia Blanca, Buenos Aires",LA LIBERTAD AVANZA,63.29,36.71,114546,66451,75.25,250653,188613,2.01,0.06,1.97,3792,114
11,BUENOS AIRES_BALCARCE,"Balcarce, Buenos Aires",LA LIBERTAD AVANZA,65.34,34.66,19561,10375,75.65,41091,31087,1.7,0.01,1.99,530,2
12,BUENOS AIRES_BARADERO,"Baradero, Buenos Aires",UNION POR LA PATRIA,48.69,51.31,11269,11876,77.23,31040,23972,1.41,0.09,1.95,337,22
13,BUENOS AIRES_BENITO JUAREZ,"Benito Juarez, Buenos Aires",LA LIBERTAD AVANZA,51.73,48.27,6385,5958,72.01,17971,12941,2.48,0.05,2.09,321,6
14,BUENOS AIRES_BERAZATEGUI,"Berazategui, Buenos Aires",UNION POR LA PATRIA,44.25,55.75,94066,118509,79.9,273700,218694,1.72,0.02,1.06,3754,54
15,BUENOS AIRES_BERISSO,"Berisso, Buenos Aires",UNION POR LA PATRIA,43.57,56.43,27083,35082,78.05,82226,64176,2.18,0.06,0.9,1396,38
16,BUENOS AIRES_BOLIVAR,"Bolivar, Buenos Aires",LA LIBERTAD AVANZA,61.57,38.43,14090,8796,75.43,31343,23643,1.51,0.0,1.69,357,1
17,BUENOS AIRES_BRAGADO,"Bragado, Buenos Aires",LA LIBERTAD AVANZA,57.46,42.54,15942,11803,76.95,37383,28767,1.86,0.02,1.68,534,5
18,BUENOS AIRES_BRANDSEN,"Brandsen, Buenos Aires",LA LIBERTAD AVANZA,54.97,45.03,10880,8913,77.07,26518,20437,1.4,0.12,1.63,286,25
19,BUENOS AIRES_CAMPANA,"Campana, Buenos Aires",LA LIBERTAD AVANZA,52.43,47.57,33680,30564,76.39,86786,66292,1.49,0.04,1.56,985,29
20,BUENOS AIRES_CAPITAN SARMIENTO,"Capitan Sarmiento, Buenos Aires",LA LIBERTAD AVANZA,64.42,35.58,6584,3636,77.56,13550,10510,1.92,0.03,0.81,202,3
21,BUENOS AIRES_CARLOS CASARES,"Carlos Casares, Buenos Aires",LA LIBERTAD AVANZA,62.43,37.57,9372,5639,76.39,20188,15421,2.14,0.01,0.51,330,1
22,BUENOS AIRES_CARLOS TEJEDOR,"Carlos Tejedor, Buenos Aires",LA LIBERTAD AVANZA,51.82,48.18,4036,3753,78.48,10203,8007,1.79,0.02,0.91,143,2
23,BUENOS AIRES_CARMEN DE ARECO,"Carmen De Areco, Buenos Aires",LA LIBERTAD AVANZA,57.97,42.03,5944,4310,75.84,13815,10477,1.65,0.03,0.45,173,3
24,BUENOS AIRES_CASTELLI,"Castelli, Buenos Aires",LA LIBERTAD AVANZA,55.36,44.64,3392,2735,79.74,7933,6326,1.19,0.0,1.96,75,0
25,BUENOS AIRES_CAÑUELAS,"Cañuelas, Buenos Aires",LA LIBERTAD AVANZA,51.38,48.62,19668,18612,76.52,51408,39337,1.68,0.06,0.95,661,22
26,BUENOS AIRES_CHACABUCO,"Chacabuco, Buenos Aires",LA LIBERTAD AVANZA,53.9,46.1,17811,15232,79.23,43276,34289,1.92,0.05,1.67,657,18
27,BUENOS AIRES_CHASCOMUS,"Chascomus, Buenos Aires",LA LIBERTAD AVANZA,58.67,41.33,15019,10582,75.65,35366,26756,3.31,0.01,0.99,886,3
28,BUENOS AIRES_CHIVILCOY,"Chivilcoy, Buenos Aires",LA LIBERTAD AVANZA,53.64,46.36,24086,20820,76.89,60560,46565,1.93,0.06,1.57,901,26
29,BUENOS AIRES_COLON,"Colon, Buenos Aires",LA LIBERTAD AVANZA,52.61,47.39,8789,7916,77.2,22237,17168,1.49,0.02,1.19,255,4
30,BUENOS AIRES_CORONEL DE MARINA LEONARDO ROSALES,"Coronel De Marina Leonardo Rosales, Buenos Aires",LA LIBERTAD AVANZA,72.87,27.13,26898,10013,79.16,47940,37951,1.35,0.03,1.36,511,12
31,BUENOS AIRES_CORONEL DORREGO,"Coronel Dorrego, Buenos Aires",LA LIBERTAD AVANZA,63.48,36.52,6420,3693,75.06,13943,10465,1.55,0.04,1.78,162,4
32,BUENOS AIRES_CORONEL PRINGLES,"Coronel Pringles, Buenos Aires",LA LIBERTAD AVANZA,66.06,33.94,9457,4858,72.27,20606,14891,1.69,0.05,2.12,252,8
33,BUENOS AIRES_CORONEL SUAREZ,"Coronel Suarez, Buenos Aires",LA LIBERTAD AVANZA,65.85,34.15,16441,8528,74.1,35121,26023,1.34,0.02,2.69,350,4
34,BUENOS AIRES_DAIREAUX,"Daireaux, Buenos Aires",LA LIBERTAD AVANZA,62.74,37.26,6793,4035,72.89,15288,11144,1.49,0.01,1.34,166,1
35,BUENOS AIRES_DOLORES,"Dolores, Buenos Aires",LA LIBERTAD AVANZA,60.64,39.36,11216,7279,74.97,25513,19128,1.29,0.02,2.01,246,3
36,BUENOS AIRES_ENSENADA,"Ensenada, Buenos Aires",UNION POR LA PATRIA,37.8,62.2,16605,27325,77.62,58246,45213,2.06,0.07,0.71,931,31
37,BUENOS AIRES_ESCOBAR,"Escobar, Buenos Aires",LA LIBERTAD AVANZA,52.39,47.61,77235,70177,76.85,197184,151541,1.54,0.12,1.07,2327,180
38,BUENOS AIRES_ESTEBAN ECHEVERRIA,"Esteban Echeverria, Buenos Aires",UNION POR LA PATRIA,46.89,53.11,84988,96277,77.93,240100,187100,1.57,0.06,1.49,2932,117
39,BUENOS AIRES_EXALTACION DE LA CRUZ,"Exaltacion De La Cruz, Buenos Aires",LA LIBERTAD AVANZA,59.69,40.31,14489,9784,76.84,32463,24943,1.21,0.01,1.47,301,2
40,BUENOS AIRES_EZEIZA,"Ezeiza, Buenos Aires",UNION POR LA PATRIA,48.1,51.9,52981,57175,78.92,142980,112840,1.62,0.02,0.73,1832,28
41,BUENOS AIRES_FLORENCIO VARELA,"Florencio Varela, Buenos Aires",UNION POR LA PATRIA,36.85,63.15,91681,157084,75.6,336305,254242,1.58,0.02,0.56,4015,45
42,BUENOS AIRES_FLORENTINO AMEGHINO,"Florentino Ameghino, Buenos Aires",LA LIBERTAD AVANZA,61.58,38.42,3785,2361,77.23,8166,6307,1.03,0.02,1.51,65,1
43,BUENOS AIRES_GENERAL ALVARADO,"General Alvarado, Buenos Aires",LA LIBERTAD AVANZA,55.87,44.13,15668,12376,74.78,38671,28920,1.57,0.07,1.38,455,21
44,BUENOS AIRES_GENERAL ALVEAR,"General Alvear, Buenos Aires",LA LIBERTAD AVANZA,62.75,37.25,4024,2389,73.92,9004,6656,2.97,0.03,0.65,198,2
45,BUENOS AIRES_GENERAL ARENALES,"General Arenales, Buenos Aires",LA LIBERTAD AVANZA,66.16,33.84,7488,3830,75.62,15330,11593,1.48,0.02,0.88,171,2
46,BUENOS AIRES_GENERAL BELGRANO,"General Belgrano, Buenos Aires",LA LIBERTAD AVANZA,59.18,40.82,7403,5107,76.68,16772,12860,1.89,0.02,0.81,243,3
47,BUENOS AIRES_GENERAL GUIDO,"General Guido, Buenos Aires",UNION POR LA PATRIA,48.63,51.37,920,972,67.68,2905,1966,1.53,0.0,2.24,30,0
48,BUENOS AIRES_GENERAL JUAN MADARIAGA,"General Juan Madariaga, Buenos Aires",LA LIBERTAD AVANZA,62.54,37.46,8437,5053,71.69,19455,13947,1.95,0.11,1.21,272,16
49,BUENOS AIRES_GENERAL LA MADRID,"General La Madrid, Buenos Aires",LA LIBERTAD AVANZA,61.87,38.13,4413,2720,75.32,9867,7432,1.41,0.0,2.61,105,0
50,BUENOS AIRES_GENERAL LAS HERAS,"General Las Heras, Buenos Aires",LA LIBERTAD AVANZA,50.49,49.51,5583,5474,80.47,14194,11422,1.73,0.03,1.44,198,3
51,BUENOS AIRES_GENERAL LAVALLE,"General Lavalle, Buenos Aires",LA LIBERTAD AVANZA,62.63,37.37,2128,1270,67.38,5151,3471,0.89,0.0,1.21,31,0
52,BUENOS AIRES_GENERAL PAZ,"General Paz, Buenos Aires",LA LIBERTAD AVANZA,53.78,46.22,4884,4198,79.99,11700,9359,1.99,0.02,0.95,186,2
53,BUENOS AIRES_GENERAL PINTO,"General Pinto, Buenos Aires",LA LIBERTAD AVANZA,56.2,43.8,4439,3459,79.04,10259,8109,1.43,0.02,1.15,116,2
54,BUENOS AIRES_GENERAL PUEYRREDON,"General Pueyrredon, Buenos Aires",LA LIBERTAD AVANZA,56.72,43.28,223162,170260,72.01,569141,409855,1.79,0.05,2.17,7322,224
55,BUENOS AIRES_GENERAL RODRIGUEZ,"General Rodriguez, Buenos Aires",UNION POR LA PATRIA,47.41,52.59,31299,34720,72.88,92825,67647,1.55,0.06,0.79,1051,40
56,BUENOS AIRES_GENERAL SAN MARTIN,"General San Martin, Buenos Aires",UNION POR LA PATRIA,47.82,52.18,122681,133850,75.35,351922,265179,1.85,0.07,1.34,4899,197
57,BUENOS AIRES_GENERAL VIAMONTE,"General Viamonte, Buenos Aires",LA LIBERTAD AVANZA,54.58,45.42,6597,5490,78.39,15916,12476,1.57,0.02,1.52,196,3
58,BUENOS AIRES_GENERAL VILLEGAS,"General Villegas, Buenos Aires",LA LIBERTAD AVANZA,68.04,31.96,12577,5909,73.73,25643,18906,0.95,0.0,1.27,180,0
59,BUENOS AIRES_GUAMINI,"Guamini, Buenos Aires",LA LIBERTAD AVANZA,58.49,41.51,4397,3121,76.42,10108,7725,2.28,0.01,0.39,176,1
60,BUENOS AIRES_HIPOLITO YRIGOYEN,"Hipolito Yrigoyen, Buenos Aires",LA LIBERTAD AVANZA,60.15,39.85,3509,2325,72.84,8243,6004,1.32,0.02,1.5,79,1
61,BUENOS AIRES_HURLINGHAM,"Hurlingham, Buenos Aires",UNION POR LA PATRIA,46.4,53.6,54429,62875,76.68,157798,120996,1.4,0.05,1.61,1693,56
62,BUENOS AIRES_ITUZAINGO,"Ituzaingo, Buenos Aires",UNION POR LA PATRIA,47.66,52.34,52845,58026,77.71,148214,115180,2.38,0.06,1.3,2747,64
63,BUENOS AIRES_JOSE C. PAZ,"Jose C. Paz, Buenos Aires",UNION POR LA PATRIA,40.13,59.87,67356,100499,74.69,230333,172028,1.12,0.07,1.23,1926,124
64,BUENOS AIRES_JUNIN,"Junin, Buenos Aires",LA LIBERTAD AVANZA,56.98,43.02,34593,26116,76.61,82057,62860,1.78,0.09,1.55,1122,56
65,BUENOS AIRES_LA COSTA,"La Costa, Buenos Aires",LA LIBERTAD AVANZA,57.28,42.72,31741,23671,71.39,79619,56841,1.46,0.03,1.02,832,17
66,BUENOS AIRES_LA MATANZA,"La Matanza, Buenos Aires",UNION POR LA PATRIA,38.81,61.19,303672,478833,76.72,1048994,804780,1.64,0.04,1.09,13193,334
67,BUENOS AIRES_LA PLATA,"La Plata, Buenos Aires",LA LIBERTAD AVANZA,50.46,49.54,208515,204713,75.86,568409,431175,2.3,0.09,1.77,9907,400
68,BUENOS AIRES_LANUS,"Lanus, Buenos Aires",UNION POR LA PATRIA,43.89,56.11,123042,157320,77.01,377163,290468,2.17,0.07,1.24,6308,190
69,BUENOS AIRES_LAPRIDA,"Laprida, Buenos Aires",LA LIBERTAD AVANZA,54.29,45.71,3852,3243,74.7,9886,7385,1.68,0.0,2.25,124,0
70,BUENOS AIRES_LAS FLORES,"Las Flores, Buenos Aires",LA LIBERTAD AVANZA,57.93,42.07,9639,7000,76.81,22454,17246,1.97,0.0,1.55,339,0
71,BUENOS AIRES_LEANDRO N. ALEM,"Leandro N. Alem, Buenos Aires",LA LIBERTAD AVANZA,57.77,42.23,6458,4721,76.01,15132,11502,1.48,0.03,1.3,170,3
72,BUENOS AIRES_LEZAMA,"Lezama, Buenos Aires",LA LIBERTAD AVANZA,60.79,39.21,2262,1459,77.74,4968,3862,2.02,0.03,1.61,78,1
73,BUENOS AIRES_LINCOLN,"Lincoln, Buenos Aires",LA LIBERTAD AVANZA,63.17,36.83,17782,10367,75.07,38532,28926,1.39,0.02,1.27,402,7
74,BUENOS AIRES_LOBERIA,"Loberia, Buenos Aires",LA LIBERTAD AVANZA,56.28,43.72,5865,4556,73.01,14948,10914,1.7,0.05,2.78,185,5
75,BUENOS AIRES_LOBOS,"Lobos, Buenos Aires",LA LIBERTAD AVANZA,62.26,37.74,15501,9397,78.04,33066,25806,2.7,0.07,0.74,698,18
76,BUENOS AIRES_LOMAS DE ZAMORA,"Lomas De Zamora, Buenos Aires",UNION POR LA PATRIA,41.44,58.56,160971,227514,78.13,513934,401540,1.84,0.06,1.36,7383,221
77,BUENOS AIRES_LUJAN,"Lujan, Buenos Aires",LA LIBERTAD AVANZA,56.72,43.28,39877,30431,75.98,95652,72672,1.63,0.07,1.55,1182,52
78,BUENOS AIRES_MAGDALENA,"Magdalena, Buenos Aires",LA LIBERTAD AVANZA,56.39,43.61,6670,5159,78.05,15710,12261,2.56,0.01,0.95,314,1
79,BUENOS AIRES_MAIPU,"Maipu, Buenos Aires",LA LIBERTAD AVANZA,56.97,43.03,4087,3087,72.68,10243,7445,1.33,0.0,2.31,99,0
80,BUENOS AIRES_MALVINAS ARGENTINAS,"Malvinas Argentinas, Buenos Aires",UNION POR LA PATRIA,43.33,56.67,92179,120549,77.89,279778,217928,1.22,0.11,1.05,2667,238
81,BUENOS AIRES_MAR CHIQUITA,"Mar Chiquita, Buenos Aires",LA LIBERTAD AVANZA,53.9,46.1,12055,10309,72.97,31508,22992,1.63,0.0,1.1,374,0
82,BUENOS AIRES_MARCOS PAZ,"Marcos Paz, Buenos Aires",UNION POR LA PATRIA,41.74,58.26,15205,21219,77.0,48686,37487,1.77,0.02,1.05,662,7
83,BUENOS AIRES_MERCEDES,"Mercedes, Buenos Aires",LA LIBERTAD AVANZA,59.4,40.6,26217,17921,78.7,58181,45789,1.69,0.05,1.87,775,21
84,BUENOS AIRES_MERLO,"Merlo, Buenos Aires",UNION POR LA PATRIA,40.05,59.95,122827,183842,73.82,426951,315182,1.5,0.1,1.09,4741,322
85,BUENOS AIRES_MONTE,"Monte, Buenos Aires",LA LIBERTAD AVANZA,58.46,41.54,8499,6038,74.59,20265,15115,2.24,0.08,1.51,338,12
86,BUENOS AIRES_MONTE HERMOSO,"Monte Hermoso, Buenos Aires",LA LIBERTAD AVANZA,52.95,47.05,3318,2948,69.73,9318,6497,2.54,0.05,0.97,165,3
87,BUENOS AIRES_MORENO,"Moreno, Buenos Aires",UNION POR LA PATRIA,40.5,59.5,108116,158839,75.59,363304,274614,1.83,0.09,0.87,5029,254
88,BUENOS AIRES_MORON,"Moron, Buenos Aires",LA LIBERTAD AVANZA,50.54,49.46,105225,102965,77.99,277634,216536,2,0.08,1.77,4341,180
89,BUENOS AIRES_NAVARRO,"Navarro, Buenos Aires",LA LIBERTAD AVANZA,61.93,38.07,7277,4473,76.86,15711,12075,1.21,0.0,1.48,146,0
90,BUENOS AIRES_NECOCHEA,"Necochea, Buenos Aires",LA LIBERTAD AVANZA,62.6,37.4,37845,22615,72.28,86882,62795,1.98,0.02,1.72,1246,10
91,BUENOS AIRES_OLAVARRIA,"Olavarria, Buenos Aires",LA LIBERTAD AVANZA,58.49,41.51,41393,29374,74.99,98202,73645,1.74,0.05,2.12,1281,37
92,BUENOS AIRES_PATAGONES,"Patagones, Buenos Aires",LA LIBERTAD AVANZA,58.15,41.85,11808,8498,73.15,28667,20971,1.47,0.0,1.69,309,1
93,BUENOS AIRES_PEHUAJO,"Pehuajo, Buenos Aires",LA LIBERTAD AVANZA,58.49,41.51,15759,11183,77.41,36060,27914,1.54,0.0,1.94,431,0
94,BUENOS AIRES_PELLEGRINI,"Pellegrini, Buenos Aires",LA LIBERTAD AVANZA,69.46,30.54,2654,1167,74.61,5285,3943,2.05,0.0,1.04,81,0
95,BUENOS AIRES_PERGAMINO,"Pergamino, Buenos Aires",LA LIBERTAD AVANZA,62.55,37.45,41846,25051,75.23,91904,69136,1.52,0.08,1.63,1054,57
96,BUENOS AIRES_PILA,"Pila, Buenos Aires",LA LIBERTAD AVANZA,56.84,43.16,1550,1177,77.87,3628,2825,1.49,0.04,1.95,42,1
97,BUENOS AIRES_PILAR,"Pilar, Buenos Aires",LA LIBERTAD AVANZA,52.11,47.89,108260,99478,77.35,275438,213048,1.17,0.05,1.27,2497,113
98,BUENOS AIRES_PINAMAR,"Pinamar, Buenos Aires",LA LIBERTAD AVANZA,65.29,34.71,13600,7231,70.7,30348,21456,1.14,0.06,1.72,245,12
99,BUENOS AIRES_PRESIDENTE PERON,"Presidente Peron, Buenos Aires",UNION POR LA PATRIA,39.86,60.14,21223,32025,76.91,71118,54700,1.12,0.05,1.49,610,25
100,BUENOS AIRES_PUAN,"Puan, Buenos Aires",LA LIBERTAD AVANZA,70.59,29.41,7031,2930,72.14,14370,10366,1.83,0.0,2.07,190,0
101,BUENOS AIRES_PUNTA INDIO,"Punta Indio, Buenos Aires",LA LIBERTAD AVANZA,58.19,41.81,4339,3118,76.18,10083,7681,1.42,0.03,1.47,109,2
102,BUENOS AIRES_QUILMES,"Quilmes, Buenos Aires",UNION POR LA PATRIA,43.37,56.63,156553,204429,77.89,476950,371503,1.87,0.05,0.91,6956,184
103,BUENOS AIRES_RAMALLO,"Ramallo, Buenos Aires",LA LIBERTAD AVANZA,54.15,45.85,12924,10944,79.18,31001,24548,2.07,0.01,0.68,509,3
104,BUENOS AIRES_RAUCH,"Rauch, Buenos Aires",LA LIBERTAD AVANZA,53.18,46.82,5407,4760,75.9,14082,10688,3.27,0.1,1.51,349,11
105,BUENOS AIRES_RIVADAVIA,"Rivadavia, Buenos Aires",LA LIBERTAD AVANZA,63.74,36.26,6994,3979,76.2,14786,11267,1.86,0.0,0.75,210,0
106,BUENOS AIRES_ROJAS,"Rojas, Buenos Aires",LA LIBERTAD AVANZA,61.88,38.12,9475,5836,75.84,21023,15943,2.08,0.03,1.86,332,4
107,BUENOS AIRES_ROQUE PEREZ,"Roque Perez, Buenos Aires",LA LIBERTAD AVANZA,60.36,39.64,5217,3426,77.52,11466,8889,1.44,0.04,1.28,128,4
108,BUENOS AIRES_SAAVEDRA,"Saavedra, Buenos Aires",LA LIBERTAD AVANZA,68.88,31.12,8890,4017,74.7,18040,13475,1.68,0.01,2.53,226,1
109,BUENOS AIRES_SALADILLO,"Saladillo, Buenos Aires",LA LIBERTAD AVANZA,64.06,35.94,13735,7707,76.64,29215,22389,1.81,0.01,2.41,405,3
110,BUENOS AIRES_SALLIQUELO,"Salliquelo, Buenos Aires",LA LIBERTAD AVANZA,59.04,40.96,3331,2311,73.55,7850,5774,1.02,0.03,1.23,59,2
111,BUENOS AIRES_SALTO,"Salto, Buenos Aires",LA LIBERTAD AVANZA,60.11,39.89,13585,9015,76.62,30415,23305,2.42,0.0,0.6,564,1
112,BUENOS AIRES_SAN ANDRES DE GILES,"San Andres De Giles, Buenos Aires",LA LIBERTAD AVANZA,57.76,42.24,9008,6587,77.88,20753,16163,2.94,0.02,0.55,475,4
113,BUENOS AIRES_SAN ANTONIO DE ARECO,"San Antonio De Areco, Buenos Aires",LA LIBERTAD AVANZA,63.69,36.31,10286,5863,80.06,20944,16768,1.66,0.07,1.96,278,12
114,BUENOS AIRES_SAN CAYETANO,"San Cayetano, Buenos Aires",LA LIBERTAD AVANZA,65.72,34.28,3458,1804,73.44,7418,5448,2.17,0.0,1.25,118,0
115,BUENOS AIRES_SAN FERNANDO,"San Fernando, Buenos Aires",UNION POR LA PATRIA,49.84,50.16,49865,50181,76.09,135417,103040,2.01,0.07,0.82,2073,77
116,BUENOS AIRES_SAN ISIDRO,"San Isidro, Buenos Aires",LA LIBERTAD AVANZA,64.65,35.35,130059,71104,76.85,272559,209469,2.19,0.1,1.67,4595,206
117,BUENOS AIRES_SAN MIGUEL,"San Miguel, Buenos Aires",LA LIBERTAD AVANZA,50.98,49.02,92652,89097,77.13,242727,187224,1.45,0.05,1.42,2722,100
118,BUENOS AIRES_SAN NICOLAS,"San Nicolas, Buenos Aires",LA LIBERTAD AVANZA,56.64,43.36,54389,41645,77.76,127873,99434,2.27,0.06,1.09,2257,64
119,BUENOS AIRES_SAN PEDRO,"San Pedro, Buenos Aires",LA LIBERTAD AVANZA,58.82,41.18,23413,16391,75.34,54440,41017,1.48,0.02,1.46,606,7
120,BUENOS AIRES_SAN VICENTE,"San Vicente, Buenos Aires",UNION POR LA PATRIA,44.52,55.48,19967,24880,70.43,65486,46124,1.56,0.07,1.14,719,30
121,BUENOS AIRES_SUIPACHA,"Suipacha, Buenos Aires",LA LIBERTAD AVANZA,54.27,45.73,4159,3505,79.77,9838,7848,1.16,0.1,1.08,91,8
122,BUENOS AIRES_TANDIL,"Tandil, Buenos Aires",LA LIBERTAD AVANZA,61.81,38.19,51223,31644,75.76,114594,86814,2.21,0.07,2.27,1919,60
123,BUENOS AIRES_TAPALQUE,"Tapalque, Buenos Aires",LA LIBERTAD AVANZA,56.86,43.14,3624,2749,73.79,8923,6584,2.41,0.03,0.76,159,2
124,BUENOS AIRES_TIGRE,"Tigre, Buenos Aires",LA LIBERTAD AVANZA,52.05,47.95,128526,118382,76.85,331269,254579,1.54,0.05,1.42,3921,126
125,BUENOS AIRES_TORDILLO,"Tordillo, Buenos Aires",LA LIBERTAD AVANZA,57.57,42.43,1008,743,73.86,2433,1797,0.72,0.28,1.56,13,5
126,BUENOS AIRES_TORNQUIST,"Tornquist, Buenos Aires",LA LIBERTAD AVANZA,64.71,35.29,6811,3715,68.67,15843,10879,1.92,0.01,1.31,209,1
127,BUENOS AIRES_TRENQUE LAUQUEN,"Trenque Lauquen, Buenos Aires",LA LIBERTAD AVANZA,63.68,36.32,18447,10521,72.37,41585,30096,2.01,0.02,1.72,606,5
128,BUENOS AIRES_TRES ARROYOS,"Tres Arroyos, Buenos Aires",LA LIBERTAD AVANZA,57.34,42.66,21607,16075,72.91,53579,39062,1.65,0.02,1.86,646,9
129,BUENOS AIRES_TRES DE FEBRERO,"Tres De Febrero, Buenos Aires",UNION POR LA PATRIA,49.91,50.09,105315,105705,76.95,284472,218893,1.86,0.11,1.63,4074,233
130,BUENOS AIRES_TRES LOMAS,"Tres Lomas, Buenos Aires",LA LIBERTAD AVANZA,58.38,41.62,2831,2018,73.76,6852,5054,2.53,0.02,1.5,128,1
131,BUENOS AIRES_VICENTE LOPEZ,"Vicente Lopez, Buenos Aires",LA LIBERTAD AVANZA,62.61,37.39,106078,63362,77.24,230953,178380,2.9,0.07,2.04,5176,121
132,BUENOS AIRES_VILLA GESELL,"Villa Gesell, Buenos Aires",LA LIBERTAD AVANZA,56.99,43.01,12390,9350,68.55,32738,22442,1.46,0.07,1.6,327,16
133,BUENOS AIRES_VILLARINO,"Villarino, Buenos Aires",LA LIBERTAD AVANZA,70.69,29.31,12534,5198,73.3,25087,18389,1.54,0.03,2.01,283,5
134,BUENOS AIRES_ZARATE,"Zarate, Buenos Aires",LA LIBERTAD AVANZA,50.16,49.84,38211,37972,77.54,101466,78675,1.91,0.04,1.21,1506,32
135,CATAMARCA_AMBATO,"Ambato, Catamarca",UNION POR LA PATRIA,44.24,55.76,1824,2299,76.63,5495,4211,1.12,0.07,0.9,47,3
136,CATAMARCA_ANTOFAGASTA DE LA SIERRA,"Antofagasta De La Sierra, Catamarca",,0.0,0.0,0,0,0.0,0,0,0,0.0,0.0,0,0
137,CATAMARCA_ANCASTI,"Ancasti, Catamarca",UNION POR LA PATRIA,39.57,60.43,713,1089,57.73,3208,1852,0.92,0.0,1.78,17,0
138,CATAMARCA_ANDALGALA,"Andalgala, Catamarca",LA LIBERTAD AVANZA,51.7,48.3,5768,5388,69.75,16365,11415,1.01,0.02,1.24,115,2
139,CATAMARCA_BELEN,"Belen, Catamarca",LA LIBERTAD AVANZA,52.9,47.1,8108,7219,64.62,24328,15720,1.27,0.05,1.18,199,8
140,CATAMARCA_CAPAYAN,"Capayan, Catamarca",UNION POR LA PATRIA,43.48,56.52,4375,5687,67.57,15227,10289,1.11,0.07,1.03,114,7
141,CATAMARCA_CAPITAL,"Capital, Catamarca",LA LIBERTAD AVANZA,57.92,42.08,56494,41036,70.75,141673,100236,1.14,0.11,1.45,1145,112
142,CATAMARCA_EL ALTO,"El Alto, Catamarca",UNION POR LA PATRIA,34.26,65.74,1098,2107,75.43,4343,3276,1.07,0.0,1.1,35,0
143,CATAMARCA_FRAY MAMERTO ESQUIU,"Fray Mamerto Esquiu, Catamarca",LA LIBERTAD AVANZA,53.76,46.24,4695,4038,74.68,12239,9140,2.87,0.01,1.58,262,1
144,CATAMARCA_LA PAZ,"La Paz, Catamarca",UNION POR LA PATRIA,37.83,62.17,5960,9794,76.71,21019,16123,1.31,0.04,0.94,211,6
145,CATAMARCA_PACLIN,"Paclin, Catamarca",UNION POR LA PATRIA,41.24,58.76,1366,1946,73.81,4555,3362,0.62,0.36,0.51,21,12
146,CATAMARCA_POMAN,"Poman, Catamarca",UNION POR LA PATRIA,44.95,55.05,3111,3810,72.38,9726,7040,0.7,0.0,0.99,49,0
147,CATAMARCA_SANTA MARIA,"Santa Maria, Catamarca",LA LIBERTAD AVANZA,56.3,43.7,8642,6707,73.0,21493,15689,0.83,0.04,1.29,131,6
148,CATAMARCA_SANTA ROSA,"Santa Rosa, Catamarca",UNION POR LA PATRIA,40.36,59.64,3360,4966,74.74,11327,8466,0.76,0.0,0.9,64,0
149,CATAMARCA_TINOGASTA,"Tinogasta, Catamarca",LA LIBERTAD AVANZA,54.81,45.19,6999,5770,66.82,19710,13170,1.48,0.02,1.55,195,2
150,CATAMARCA_VALLE VIEJO,"Valle Viejo, Catamarca",LA LIBERTAD AVANZA,55.54,44.46,11075,8865,72.77,28154,20488,1.03,0.05,1.59,211,11
151,CHACO_12 DE OCTUBRE,"12 De Octubre, Chaco",UNION POR LA PATRIA,45.62,54.38,6484,7728,70.25,20566,14448,0.95,0.02,0.66,137,3
152,CHACO_1° DE MAYO,"1° De Mayo, Chaco",LA LIBERTAD AVANZA,52.71,47.29,5335,4787,79.02,13049,10311,0.94,0.06,0.83,97,6
153,CHACO_2 DE ABRIL,"2 De Abril, Chaco",LA LIBERTAD AVANZA,54.4,45.6,2542,2131,72.85,6527,4755,1.16,0.0,0.57,55,0
154,CHACO_25 DE MAYO,"25 De Mayo, Chaco",UNION POR LA PATRIA,39.34,60.66,7565,11666,72.09,27031,19486,0.71,0.0,0.6,138,0
155,CHACO_9 DE JULIO,"9 De Julio, Chaco",UNION POR LA PATRIA,46.59,53.41,8366,9591,69.98,26169,18314,0.95,0.03,0.97,174,6
156,CHACO_ALMIRANTE BROWN,"Almirante Brown, Chaco",UNION POR LA PATRIA,39.85,60.15,8546,12900,67.0,32439,21734,0.73,0.03,0.57,159,6
157,CHACO_BERMEJO,"Bermejo, Chaco",UNION POR LA PATRIA,37.13,62.87,6755,11436,72.96,25433,18557,1.16,0.09,0.72,216,16
158,CHACO_CHACABUCO,"Chacabuco, Chaco",LA LIBERTAD AVANZA,57.22,42.78,11413,8532,70.23,28932,20319,0.82,0.04,0.98,166,9
159,CHACO_COMANDANTE FERNANDEZ,"Comandante Fernandez, Chaco",LA LIBERTAD AVANZA,56.94,43.06,35521,26857,72.21,88122,63634,0.82,0.03,1.12,522,22
160,CHACO_FRAY JUSTO SANTA MARIA DE ORO,"Fray Justo Santa Maria De Oro, Chaco",UNION POR LA PATRIA,47.04,52.96,3152,3548,66.01,10358,6837,1.42,0.01,0.57,97,1
161,CHACO_GENERAL BELGRANO,"General Belgrano, Chaco",UNION POR LA PATRIA,34.77,65.23,2613,4902,69.2,11027,7631,0.9,0.09,0.52,69,7
162,CHACO_GENERAL DONOVAN,"General Donovan, Chaco",UNION POR LA PATRIA,46.93,53.07,4766,5389,75.72,13667,10349,0.77,0.07,1.03,80,7
163,CHACO_GENERAL GUEMES,"General Guemes, Chaco",UNION POR LA PATRIA,38.14,61.86,15228,24697,53.63,75517,40499,0.66,0.03,0.72,269,13
164,CHACO_INDEPENDENCIA,"Independencia, Chaco",UNION POR LA PATRIA,39.08,60.92,5295,8253,67.09,20453,13722,0.74,0.02,0.5,102,3
165,CHACO_LIBERTAD,"Libertad, Chaco",LA LIBERTAD AVANZA,53.13,46.87,5244,4626,77.88,12933,10072,0.97,0.01,1.02,98,1
166,CHACO_LIBERTADOR GENERAL SAN MARTIN,"Libertador General San Martin, Chaco",UNION POR LA PATRIA,40.02,59.98,15995,23968,72.67,55812,40560,0.67,0.04,0.76,272,18
167,CHACO_MAIPU,"Maipu, Chaco",UNION POR LA PATRIA,42.55,57.45,6338,8556,67.73,22327,15121,1.14,0.0,0.36,172,0
168,CHACO_MAYOR LUIS J. FONTANA,"Mayor Luis J. Fontana, Chaco",UNION POR LA PATRIA,49.97,50.03,18748,18767,72.37,52973,38335,1.29,0.01,0.84,493,5
169,CHACO_O'HIGGINS,"O'Higgins, Chaco",UNION POR LA PATRIA,38.2,61.8,5063,8190,70.86,18982,13451,1.02,0.01,0.45,137,1
170,CHACO_PRESIDENCIA DE LA PLAZA,"Presidencia De La Plaza, Chaco",UNION POR LA PATRIA,45.33,54.67,3589,4328,71.47,11300,8076,0.77,0.0,1.2,62,0
171,CHACO_QUITILIPI,"Quitilipi, Chaco",UNION POR LA PATRIA,48.37,51.63,9564,10210,67.01,29999,20102,0.98,0.0,0.65,198,0
172,CHACO_SAN FERNANDO,"San Fernando, Chaco",LA LIBERTAD AVANZA,57.21,42.79,155755,116505,76.57,363354,278214,0.77,0.08,1.29,2148,213
173,CHACO_SAN LORENZO,"San Lorenzo, Chaco",UNION POR LA PATRIA,35.86,64.14,3500,6261,71.65,13868,9937,0.83,0.02,0.93,82,2
174,CHACO_SARGENTO CABRAL,"Sargento Cabral, Chaco",UNION POR LA PATRIA,40.17,59.83,4709,7014,74.46,15976,11896,0.76,0.0,0.69,91,0
175,CHACO_TAPENAGA,"Tapenaga, Chaco",UNION POR LA PATRIA,44.0,56.0,938,1194,66.43,3280,2179,0.96,0.14,1.06,21,3
176,CHUBUT_BIEDMA,"Biedma, Chubut",LA LIBERTAD AVANZA,62.05,37.95,35060,21440,76.12,77868,59270,1.38,0.1,3.19,818,59
177,CHUBUT_CUSHAMEN,"Cushamen, Chubut",UNION POR LA PATRIA,44.42,55.58,7609,9522,71.39,25249,18026,1.62,0.01,3.33,292,2
178,CHUBUT_ESCALANTE,"Escalante, Chubut",LA LIBERTAD AVANZA,59.65,40.35,71487,48358,74.3,168148,124930,1.37,0.06,2.63,1715,80
179,CHUBUT_FUTALEUFU,"Futaleufu, Chubut",LA LIBERTAD AVANZA,56.37,43.63,16013,12392,71.55,41936,30004,1.72,0.05,3.56,515,15
180,CHUBUT_GAIMAN,"Gaiman, Chubut",LA LIBERTAD AVANZA,66.02,33.98,4968,2557,74.0,10635,7870,1.18,0.09,3.11,93,7
181,CHUBUT_LANGUIÑEO,"Languiñeo, Chubut",UNION POR LA PATRIA,47.54,52.46,764,843,62.1,2736,1699,1.88,0.0,3.53,32,0
182,CHUBUT_MARTIRES,"Martires, Chubut",LA LIBERTAD AVANZA,52.99,47.01,186,165,55.54,650,361,1.39,0.0,1.39,5,0
183,CHUBUT_PASO DE INDIOS,"Paso De Indios, Chubut",UNION POR LA PATRIA,45.82,54.18,428,506,58.97,1633,963,1.56,0.0,1.45,15,0
184,CHUBUT_RAWSON,"Rawson, Chubut",LA LIBERTAD AVANZA,60.4,39.6,51062,33474,73.76,120298,88732,1.48,0.07,3.18,1313,60
185,CHUBUT_RIO SENGUER,"Rio Senguer, Chubut",LA LIBERTAD AVANZA,52.15,47.85,1676,1538,63.23,5263,3328,1.02,0.0,2.4,34,0
186,CHUBUT_SARMIENTO,"Sarmiento, Chubut",LA LIBERTAD AVANZA,62.01,37.99,4706,2883,71.19,10997,7829,0.8,0.05,2.21,63,4
187,CHUBUT_TEHUELCHES,"Tehuelches, Chubut",UNION POR LA PATRIA,49.92,50.08,1584,1589,65.11,5099,3320,1.57,0.03,2.83,52,1
188,CIUDAD AUTONOMA DE BUENOS AIRES_COMUNA 1,"Comuna 1, Ciudad Autonoma De Buenos Aires",LA LIBERTAD AVANZA,57.71,42.29,66712,48894,68.27,176202,120288,2.15,0.05,1.69,2591,62
189,CIUDAD AUTONOMA DE BUENOS AIRES_COMUNA 10,"Comuna 10, Ciudad Autonoma De Buenos Aires",LA LIBERTAD AVANZA,55.45,44.55,60358,48495,78.09,147067,114847,2.88,0.06,2.28,3309,64
190,CIUDAD AUTONOMA DE BUENOS AIRES_COMUNA 11,"Comuna 11, Ciudad Autonoma De Buenos Aires",LA LIBERTAD AVANZA,57.87,42.13,73591,53583,78.54,171256,134513,3.12,0.08,2.25,4200,111
191,CIUDAD AUTONOMA DE BUENOS AIRES_COMUNA 12,"Comuna 12, Ciudad Autonoma De Buenos Aires",LA LIBERTAD AVANZA,57.94,42.06,82141,59627,78.67,190819,150110,3.2,0.07,2.29,4804,102
192,CIUDAD AUTONOMA DE BUENOS AIRES_COMUNA 13,"Comuna 13, Ciudad Autonoma De Buenos Aires",LA LIBERTAD AVANZA,66.88,33.12,102794,50899,75.29,216549,163049,3.93,0.04,1.76,6412,69
193,CIUDAD AUTONOMA DE BUENOS AIRES_COMUNA 14,"Comuna 14, Ciudad Autonoma De Buenos Aires",LA LIBERTAD AVANZA,66.66,33.34,95260,47636,72.96,207012,151032,3.66,0.05,1.68,5523,69
194,CIUDAD AUTONOMA DE BUENOS AIRES_COMUNA 15,"Comuna 15, Ciudad Autonoma De Buenos Aires",LA LIBERTAD AVANZA,50.44,49.56,59669,58629,76.37,163575,124923,3.08,0.07,2.15,3844,91
195,CIUDAD AUTONOMA DE BUENOS AIRES_COMUNA 2,"Comuna 2, Ciudad Autonoma De Buenos Aires",LA LIBERTAD AVANZA,72.23,27.77,68722,26417,72.47,137779,99847,3.15,0.04,1.53,3143,36
196,CIUDAD AUTONOMA DE BUENOS AIRES_COMUNA 3,"Comuna 3, Ciudad Autonoma De Buenos Aires",LA LIBERTAD AVANZA,53.71,46.29,57270,49365,71.89,155066,111477,2.26,0.06,2.03,2516,64
197,CIUDAD AUTONOMA DE BUENOS AIRES_COMUNA 4,"Comuna 4, Ciudad Autonoma De Buenos Aires",LA LIBERTAD AVANZA,50.07,49.93,64516,64341,74.3,180576,134160,1.83,0.06,2.06,2459,83
198,CIUDAD AUTONOMA DE BUENOS AIRES_COMUNA 5,"Comuna 5, Ciudad Autonoma De Buenos Aires",LA LIBERTAD AVANZA,51.26,48.74,56460,53690,75.62,153414,116018,2.92,0.06,2.08,3383,69
199,CIUDAD AUTONOMA DE BUENOS AIRES_COMUNA 6,"Comuna 6, Ciudad Autonoma De Buenos Aires",LA LIBERTAD AVANZA,56.44,43.56,66137,51035,78.05,159176,124243,3.55,0.06,2.08,4412,78
200,CIUDAD AUTONOMA DE BUENOS AIRES_COMUNA 7,"Comuna 7, Ciudad Autonoma De Buenos Aires",LA LIBERTAD AVANZA,55.05,44.95,68841,56211,75.4,174167,131317,2.63,0.05,2.09,3456,68
201,CIUDAD AUTONOMA DE BUENOS AIRES_COMUNA 8,"Comuna 8, Ciudad Autonoma De Buenos Aires",UNION POR LA PATRIA,49.55,50.45,52558,53511,74.85,146694,109802,1.46,0.05,1.88,1608,59
202,CIUDAD AUTONOMA DE BUENOS AIRES_COMUNA 9,"Comuna 9, Ciudad Autonoma De Buenos Aires",LA LIBERTAD AVANZA,54.13,45.87,59128,50107,77.51,147324,114192,2.27,0.05,2.02,2596,56
203,CORDOBA_CALAMUCHITA,"Calamuchita, Cordoba",LA LIBERTAD AVANZA,72.12,27.88,31975,12361,73.88,62570,46226,1.61,0.03,2.45,745,14
204,CORDOBA_CAPITAL,"Capital, Cordoba",LA LIBERTAD AVANZA,75.03,24.97,614786,204639,75.4,1130798,852604,1.62,0.05,2.22,13781,452
205,CORDOBA_COLON,"Colon, Cordoba",LA LIBERTAD AVANZA,76.86,23.14,142786,42981,76.38,251972,192446,1.4,0.04,2.03,2686,80
206,CORDOBA_CRUZ DEL EJE,"Cruz Del Eje, Cordoba",LA LIBERTAD AVANZA,52.93,47.07,19310,17174,70.15,53688,37662,1.09,0.04,2.0,409,16
207,CORDOBA_GENERAL ROCA,"General Roca, Cordoba",LA LIBERTAD AVANZA,73.31,26.69,14958,5447,71.25,29488,21009,1.34,0.01,1.53,281,2
208,CORDOBA_GENERAL SAN MARTIN,"General San Martin, Cordoba",LA LIBERTAD AVANZA,70.82,29.18,61945,25525,74.8,121255,90694,1.61,0.04,1.91,1462,33
209,CORDOBA_ISCHILIN,"Ischilin, Cordoba",LA LIBERTAD AVANZA,66.47,33.53,14320,7222,74.22,29902,22192,1.18,0.0,1.75,262,0
210,CORDOBA_JUAREZ CELMAN,"Juarez Celman, Cordoba",LA LIBERTAD AVANZA,76.69,23.31,31230,9491,75.64,55796,42204,1.49,0.01,2.01,629,5
211,CORDOBA_MARCOS JUAREZ,"Marcos Juarez, Cordoba",LA LIBERTAD AVANZA,75.11,24.89,49248,16320,75.91,89691,68080,2.22,0.02,1.45,1508,16
212,CORDOBA_MINAS,"Minas, Cordoba",UNION POR LA PATRIA,48.71,51.29,1514,1594,62.44,5155,3219,1.52,0.0,1.93,49,0
213,CORDOBA_POCHO,"Pocho, Cordoba",LA LIBERTAD AVANZA,62.74,37.26,1879,1116,63.16,4891,3089,1.55,0.0,1.49,48,0
214,CORDOBA_PRESIDENTE ROQUE SAENZ PEÑA,"Presidente Roque Saenz Peña, Cordoba",LA LIBERTAD AVANZA,73.45,26.55,16469,5952,73.37,31603,23186,1.45,0.0,1.85,336,1
215,CORDOBA_PUNILLA,"Punilla, Cordoba",LA LIBERTAD AVANZA,73.59,26.41,97023,34828,72.51,189556,137440,1.48,0.03,2.55,2037,41
216,CORDOBA_RIO CUARTO,"Rio Cuarto, Cordoba",LA LIBERTAD AVANZA,73.25,26.75,115591,42205,73.97,222088,164273,1.65,0.02,2.28,2705,25
217,CORDOBA_RIO PRIMERO,"Rio Primero, Cordoba",LA LIBERTAD AVANZA,77.55,22.45,26075,7547,78.32,44127,34559,1.16,0.01,1.53,402,5
218,CORDOBA_RIO SECO,"Rio Seco, Cordoba",LA LIBERTAD AVANZA,65.27,34.73,6109,3251,69.44,13898,9651,1.41,0.01,1.6,136,1
219,CORDOBA_RIO SEGUNDO,"Rio Segundo, Cordoba",LA LIBERTAD AVANZA,78.64,21.36,56835,15441,78.91,94933,74908,1.39,0.01,2.12,1043,4
220,CORDOBA_SAN ALBERTO,"San Alberto, Cordoba",LA LIBERTAD AVANZA,65.62,34.38,17945,9403,73.22,38790,28401,1.56,0.03,2.12,443,9
221,CORDOBA_SAN JAVIER,"San Javier, Cordoba",LA LIBERTAD AVANZA,62.92,37.08,23969,14126,73.33,53705,39382,1.19,0.06,2.02,467,24
222,CORDOBA_SAN JUSTO,"San Justo, Cordoba",LA LIBERTAD AVANZA,75.72,24.28,105046,33681,75.52,190194,143627,1.52,0.04,1.85,2190,55
223,CORDOBA_SANTA MARIA,"Santa Maria, Cordoba",LA LIBERTAD AVANZA,76.17,23.83,63379,19824,76.63,112997,86587,1.48,0.02,2.41,1279,19
224,CORDOBA_SOBREMONTE,"Sobremonte, Cordoba",LA LIBERTAD AVANZA,52.52,47.48,1365,1234,61.25,4361,2671,1.24,0.0,1.46,33,0
225,CORDOBA_TERCERO ARRIBA,"Tercero Arriba, Cordoba",LA LIBERTAD AVANZA,76.84,23.16,57237,17254,76.56,101205,77487,1.87,0.03,1.96,1452,23
226,CORDOBA_TOTORAL,"Totoral, Cordoba",LA LIBERTAD AVANZA,75.47,24.53,10580,3438,76.33,18824,14369,1.11,0.04,1.29,160,6
227,CORDOBA_TULUMBA,"Tulumba, Cordoba",LA LIBERTAD AVANZA,63.6,36.4,5448,3118,68.44,12884,8818,1.19,0.01,1.66,105,1
228,CORDOBA_UNION,"Union, Cordoba",LA LIBERTAD AVANZA,73.02,26.98,50125,18523,73.54,96572,71019,1.82,0.01,1.51,1291,7
229,CORRIENTES_BELLA VISTA,"Bella Vista, Corrientes",UNION POR LA PATRIA,46.52,53.48,11941,13729,78.15,33475,26161,0.62,0.01,1.25,161,2
230,CORRIENTES_BERON DE ASTRADA,"Beron De Astrada, Corrientes",LA LIBERTAD AVANZA,53.76,46.24,1052,905,72.8,2739,1994,0.45,0.0,1.4,9,0
231,CORRIENTES_CAPITAL,"Capital, Corrientes",LA LIBERTAD AVANZA,64.22,35.78,152108,84746,78.41,310286,243285,0.8,0.06,1.79,1937,137
232,CORRIENTES_CONCEPCION,"Concepcion, Corrientes",UNION POR LA PATRIA,39.45,60.55,5707,8758,75.73,19448,14728,0.61,0.02,1.15,90,3
233,CORRIENTES_CURUZU CUATIA,"Curuzu Cuatia, Corrientes",UNION POR LA PATRIA,48.94,51.06,13912,14517,73.49,39753,29213,0.93,0.05,1.7,273,15
234,CORRIENTES_EMPEDRADO,"Empedrado, Corrientes",LA LIBERTAD AVANZA,50.47,49.53,5753,5645,77.96,14965,11666,0.64,0.03,1.62,75,4
235,CORRIENTES_ESQUINA,"Esquina, Corrientes",UNION POR LA PATRIA,41.89,58.11,9258,12843,68.03,33153,22554,0.7,0.03,1.28,159,6
236,CORRIENTES_GENERAL ALVEAR,"General Alvear, Corrientes",UNION POR LA PATRIA,46.95,53.05,2248,2540,67.51,7261,4902,0.82,0.04,1.47,40,2
237,CORRIENTES_GENERAL PAZ,"General Paz, Corrientes",UNION POR LA PATRIA,44.6,55.4,4810,5974,74.09,14805,10969,0.61,0.0,1.08,67,0
238,CORRIENTES_GOYA,"Goya, Corrientes",UNION POR LA PATRIA,41.78,58.22,24910,34718,76.16,80246,61118,0.89,0.03,1.52,545,19
239,CORRIENTES_ITATI,"Itati, Corrientes",LA LIBERTAD AVANZA,52.87,47.13,3703,3301,68.37,10387,7102,0.42,0.01,0.94,30,1
240,CORRIENTES_ITUZAINGO,"Ituzaingo, Corrientes",LA LIBERTAD AVANZA,57.98,42.02,15137,10971,67.49,39556,26696,0.66,0.01,1.52,177,4
241,CORRIENTES_LAVALLE,"Lavalle, Corrientes",UNION POR LA PATRIA,34.24,65.76,7530,14461,78.95,28410,22431,0.68,0.01,1.27,153,3
242,CORRIENTES_MBURUCUYA,"Mburucuya, Corrientes",UNION POR LA PATRIA,34.79,65.21,2427,4549,75.78,9386,7113,0.93,0.03,0.97,66,2
243,CORRIENTES_MERCEDES,"Mercedes, Corrientes",LA LIBERTAD AVANZA,52.52,47.48,14855,13428,75.5,38414,29001,0.68,0.05,1.74,197,15
244,CORRIENTES_MONTE CASEROS,"Monte Caseros, Corrientes",LA LIBERTAD AVANZA,55.1,44.9,13886,11314,76.86,33424,25689,0.79,0.04,1.07,204,10
245,CORRIENTES_PASO DE LOS LIBRES,"Paso De Los Libres, Corrientes",UNION POR LA PATRIA,47.2,52.8,15728,17591,71.94,47361,34070,0.75,0.03,1.43,254,11
246,CORRIENTES_SALADAS,"Saladas, Corrientes",UNION POR LA PATRIA,41.35,58.65,6569,9318,78.59,20628,16211,0.73,0.03,1.24,118,5
247,CORRIENTES_SAN COSME,"San Cosme, Corrientes",LA LIBERTAD AVANZA,66.69,33.31,11715,5851,73.18,24552,17968,0.76,0.03,1.45,136,6
248,CORRIENTES_SAN LUIS DEL PALMAR,"San Luis Del Palmar, Corrientes",UNION POR LA PATRIA,48.33,51.67,6923,7402,80.57,18189,14655,0.61,0.01,1.63,90,1
249,CORRIENTES_SAN MARTIN,"San Martin, Corrientes",UNION POR LA PATRIA,46.69,53.31,4022,4593,72.26,12190,8809,1.09,0.0,1.11,96,0
250,CORRIENTES_SAN MIGUEL,"San Miguel, Corrientes",UNION POR LA PATRIA,31.85,68.15,2413,5163,76.75,10081,7737,0.81,0.06,1.2,63,5
251,CORRIENTES_SAN ROQUE,"San Roque, Corrientes",UNION POR LA PATRIA,35.21,64.79,4775,8786,74.38,18582,13822,0.77,0.01,1.11,106,2
252,CORRIENTES_SANTO TOME,"Santo Tome, Corrientes",LA LIBERTAD AVANZA,56.49,43.51,22659,17453,74.99,54694,41016,0.7,0.03,1.48,287,12
253,CORRIENTES_SAUCE,"Sauce, Corrientes",UNION POR LA PATRIA,37.38,62.62,2150,3601,71.76,8227,5904,0.91,0.0,1.68,54,0
254,ENTRE RIOS_COLON,"Colon, Entre Rios",LA LIBERTAD AVANZA,63.29,36.71,28198,16358,76.83,60162,46225,1.5,0.01,2.1,694,5
255,ENTRE RIOS_CONCORDIA,"Concordia, Entre Rios",LA LIBERTAD AVANZA,56.24,43.76,63144,49129,77.28,149398,115453,1.13,0.03,1.6,1302,29
256,ENTRE RIOS_DIAMANTE,"Diamante, Entre Rios",LA LIBERTAD AVANZA,69.81,30.19,21578,9333,73.49,43511,31975,1.25,0.02,2.05,401,7
257,ENTRE RIOS_FEDERACION,"Federacion, Entre Rios",LA LIBERTAD AVANZA,66.13,33.87,32536,16661,79.05,64022,50608,1.14,0.02,1.63,579,9
258,ENTRE RIOS_FEDERAL,"Federal, Entre Rios",LA LIBERTAD AVANZA,51.56,48.44,9478,8905,77.45,24431,18923,1.4,0.06,1.4,264,12
259,ENTRE RIOS_FELICIANO,"Feliciano, Entre Rios",LA LIBERTAD AVANZA,51.62,48.38,4999,4686,71.74,13834,9924,0.9,0.06,1.45,89,6
260,ENTRE RIOS_GUALEGUAY,"Gualeguay, Entre Rios",LA LIBERTAD AVANZA,64.44,35.56,23334,12875,77.34,48494,37505,1.33,0.03,2.1,497,13
261,ENTRE RIOS_GUALEGUAYCHU,"Gualeguaychu, Entre Rios",LA LIBERTAD AVANZA,64.87,35.13,52248,28293,80.85,103113,83363,1.36,0.04,1.99,1137,30
262,ENTRE RIOS_ISLAS DEL IBICUY,"Islas Del Ibicuy, Entre Rios",LA LIBERTAD AVANZA,56.39,43.61,4658,3603,68.41,12451,8518,0.92,0.02,2.08,78,2
263,ENTRE RIOS_LA PAZ,"La Paz, Entre Rios",LA LIBERTAD AVANZA,50.89,49.11,22165,21393,73.36,61153,44864,1.04,0.04,1.84,466,16
264,ENTRE RIOS_NOGOYA,"Nogoya, Entre Rios",LA LIBERTAD AVANZA,64.04,35.96,17205,9661,79.44,34847,27682,1.29,0.03,1.64,356,7
265,ENTRE RIOS_PARANA,"Parana, Entre Rios",LA LIBERTAD AVANZA,62.56,37.44,148239,88702,77.3,318471,246167,1.48,0.05,2.22,3649,116
266,ENTRE RIOS_SAN SALVADOR,"San Salvador, Entre Rios",LA LIBERTAD AVANZA,65.57,34.43,8634,4534,78.91,17208,13579,1.39,0.01,1.63,189,1
267,ENTRE RIOS_TALA,"Tala, Entre Rios",LA LIBERTAD AVANZA,62.34,37.66,11385,6878,76.42,24724,18893,1.34,0.04,1.96,253,7
268,ENTRE RIOS_URUGUAY,"Uruguay, Entre Rios",LA LIBERTAD AVANZA,61.56,38.44,42646,26624,77.25,92885,71758,1.42,0.02,2.03,1016,15
269,ENTRE RIOS_VICTORIA,"Victoria, Entre Rios",LA LIBERTAD AVANZA,63.9,36.1,15413,8709,75.17,33117,24895,1.2,0.03,1.88,298,8
270,ENTRE RIOS_VILLAGUAY,"Villaguay, Entre Rios",LA LIBERTAD AVANZA,60.41,39.59,19186,12576,74.84,43619,32646,1.02,0.03,1.65,334,10
271,FORMOSA_BERMEJO,"Bermejo, Formosa",UNION POR LA PATRIA,26.03,73.97,2267,6443,64.91,13571,8809,0.82,0.0,0.31,72,0
272,FORMOSA_FORMOSA,"Formosa, Formosa",LA LIBERTAD AVANZA,53.13,46.87,83136,73347,76.21,209732,159842,0.97,0.02,1.11,1552,33
273,FORMOSA_LAISHI,"Laishi, Formosa",UNION POR LA PATRIA,39.34,60.66,5176,7981,78.17,17107,13372,0.9,0.01,0.7,120,2
274,FORMOSA_MATACOS,"Matacos, Formosa",UNION POR LA PATRIA,27.34,72.66,2659,7066,72.63,13582,9864,0.68,0.01,0.72,67,1
275,FORMOSA_PATIÑO,"Patiño, Formosa",UNION POR LA PATRIA,34.99,65.01,15885,29515,70.92,64845,45989,0.72,0.03,0.53,332,13
276,FORMOSA_PILAGAS,"Pilagas, Formosa",UNION POR LA PATRIA,31.51,68.49,3977,8646,75.01,16992,12746,0.49,0.01,0.46,63,1
277,FORMOSA_PILCOMAYO,"Pilcomayo, Formosa",UNION POR LA PATRIA,38.79,61.21,21447,33846,73.13,76962,56284,0.87,0.02,0.88,487,11
278,FORMOSA_PIRANE,"Pirane, Formosa",UNION POR LA PATRIA,39.46,60.54,16177,24824,73.45,56873,41772,0.93,0.03,0.89,388,12
279,FORMOSA_RAMON LISTA,"Ramon Lista, Formosa",UNION POR LA PATRIA,19.18,80.82,1407,5930,57.85,12821,7417,0.69,0.0,0.39,51,0
280,JUJUY_COCHINOCA,"Cochinoca, Jujuy",LA LIBERTAD AVANZA,61.35,38.65,4370,2753,67.81,11195,7591,3.16,0.05,2.95,240,4
281,JUJUY_DOCTOR MANUEL BELGRANO,"Doctor Manuel Belgrano, Jujuy",LA LIBERTAD AVANZA,63.72,36.28,108161,61591,76.26,229790,175228,1.03,0.05,2.04,1812,93
282,CHUBUT_TELSEN,"Telsen, Chubut",,0.0,0.0,0,0,0.0,0,0,0,0.0,0.0,0,0
283,CHUBUT_GASTRE,"Gastre, Chubut",,0.0,0.0,0,0,0.0,0,0,0,0.0,0.0,0,0
284,CHUBUT_FLORENTINO AMEGHINO,"Florentino Ameghino, Chubut",,0.0,0.0,0,0,0.0,0,0,0,0.0,0.0,0,0
285,LA PAMPA_CURACO,"Curaco, La Pampa",,0.0,0.0,0,0,0.0,0,0,0,0.0,0.0,0,0
286,JUJUY_EL CARMEN,"El Carmen, Jujuy",LA LIBERTAD AVANZA,63.21,36.79,41559,24192,79.78,84236,67200,0.72,0.05,1.39,481,31
287,JUJUY_HUMAHUACA,"Humahuaca, Jujuy",LA LIBERTAD AVANZA,54.75,45.25,5659,4677,72.68,14728,10705,0.78,0.1,2.57,83,11
288,JUJUY_SUSQUES,"Susques, Jujuy",,0.0,0.0,0,0,0.0,0,0,"Susques, Jujuy",0.0,0.0,0,0
289,SALTA_SANTA VICTORIA,"Santa Victoria, Salta",,0.0,0.0,0,0,0.0,0,0,"Santa Victoria, Salta",0.0,0.0,0,0
290,JUJUY_LEDESMA,"Ledesma, Jujuy",LA LIBERTAD AVANZA,50.64,49.36,25941,25288,75.55,69266,52332,0.79,0.04,1.28,412,19
291,JUJUY_PALPALA,"Palpala, Jujuy",LA LIBERTAD AVANZA,60.28,39.72,22750,14991,79.69,48581,38714,0.66,0.06,1.79,256,25
292,JUJUY_RINCONADA,"Rinconada, Jujuy",UNION POR LA PATRIA,48.11,51.89,433,467,55.91,1651,923,0.54,0.0,1.95,5,0
293,JUJUY_VALLE GRANDE,"Valle Grande, Jujuy",,0.0,0.0,0,0,0.0,0,0,"Valle Grande, Jujuy",0.0,0.0,0,0
294,JUJUY_SAN ANTONIO,"San Antonio, Jujuy",LA LIBERTAD AVANZA,63.07,36.93,2890,1692,78.25,6037,4724,0.76,0.08,2.16,36,4
295,JUJUY_SAN PEDRO,"San Pedro, Jujuy",UNION POR LA PATRIA,47.31,52.69,23681,26379,77.76,65745,51123,0.67,0.06,1.35,342,32
296,JUJUY_SANTA BARBARA,"Santa Barbara, Jujuy",UNION POR LA PATRIA,41.26,58.74,4771,6792,76.04,15463,11758,0.6,0.02,1.05,70,2
297,JUJUY_SANTA CATALINA,"Santa Catalina, Jujuy",UNION POR LA PATRIA,40.47,59.53,503,740,50.02,2555,1278,0.78,0.0,1.96,10,0
298,JUJUY_TILCARA,"Tilcara, Jujuy",LA LIBERTAD AVANZA,51.75,48.25,4503,4198,74.89,11966,8961,0.77,0.06,2.08,69,5
299,JUJUY_TUMBAYA,"Tumbaya, Jujuy",UNION POR LA PATRIA,48.77,51.23,1231,1293,51.23,5128,2627,0.65,0.08,3.2,17,2
300,JUJUY_YAVI,"Yavi, Jujuy",LA LIBERTAD AVANZA,53.8,46.2,6728,5778,71.37,18224,13007,1.39,0.09,2.37,181,12
301,LA PAMPA_ATREUCO,"Atreuco, La Pampa",LA LIBERTAD AVANZA,62.09,37.91,4626,2825,75.97,10147,7709,1.26,0.17,1.92,97,13
302,LA PAMPA_CALEU CALEU,"Caleu Caleu, La Pampa",LA LIBERTAD AVANZA,53.88,46.12,867,742,73.58,2237,1646,0.97,0.0,1.28,16,0
303,LA PAMPA_CAPITAL,"Capital, La Pampa",LA LIBERTAD AVANZA,50.37,49.63,35800,35271,76.76,96085,73758,1.59,0.04,2.01,1172,29
304,LA PAMPA_CATRILO,"Catrilo, La Pampa",LA LIBERTAD AVANZA,58.65,41.35,3275,2309,81.14,7057,5726,1,0.03,1.45,57,2
305,LA PAMPA_CHALILEO,"Chalileo, La Pampa",UNION POR LA PATRIA,46.73,53.27,893,1018,71.88,2731,1963,1.07,0.0,1.58,21,0
306,LA PAMPA_CHAPALEUFU,"Chapaleufu, La Pampa",LA LIBERTAD AVANZA,64.02,35.98,5072,2851,73.3,11079,8121,1.22,0.0,1.22,99,0
307,LA PAMPA_CHICAL CO,"Chical Co, La Pampa",UNION POR LA PATRIA,47.89,52.11,466,507,67.3,1474,992,1.31,0.0,0.6,13,0
308,LA PAMPA_CONHELO,"Conhelo, La Pampa",LA LIBERTAD AVANZA,57.65,42.35,5650,4150,76.8,13150,10099,1.28,0.0,1.68,129,0
309,LA PAMPA_GUATRACHE,"Guatrache, La Pampa",LA LIBERTAD AVANZA,71.0,29.0,3880,1585,68.56,8308,5696,2.93,0.0,1.12,167,0
310,LA PAMPA_HUCAL,"Hucal, La Pampa",LA LIBERTAD AVANZA,64.56,35.44,3248,1783,72.99,7227,5275,2.01,0.02,2.6,106,1
311,LA PAMPA_LIHUEL CALEL,"Lihuel Calel, La Pampa",LA LIBERTAD AVANZA,58.55,41.45,113,80,72.43,272,197,1.52,0.0,0.51,3,0
312,LA PAMPA_LIMAY MAHUIDA,"Limay Mahuida, La Pampa",LA LIBERTAD AVANZA,50.87,49.13,146,141,76.62,385,295,1.69,0.0,1.02,5,0
313,LA PAMPA_LOVENTUE,"Loventue, La Pampa",LA LIBERTAD AVANZA,51.4,48.6,2939,2779,71.8,8171,5867,0.8,0.03,1.7,47,2
314,LA PAMPA_MARACO,"Maraco, La Pampa",LA LIBERTAD AVANZA,61.69,38.31,25533,15853,78.43,54710,42909,1.49,0.02,2.04,638,9
315,LA PAMPA_PUELEN,"Puelen, La Pampa",LA LIBERTAD AVANZA,63.86,36.14,4267,2415,75.59,9080,6864,0.9,0.0,1.75,62,0
316,LA PAMPA_QUEMU QUEMU,"Quemu Quemu, La Pampa",LA LIBERTAD AVANZA,66.99,33.01,3795,1870,75.07,7799,5855,1.32,0.02,1.91,77,1
317,LA PAMPA_RANCUL,"Rancul, La Pampa",LA LIBERTAD AVANZA,56.18,43.82,3796,2961,71.69,9725,6972,1.39,0.03,1.66,97,2
318,LA PAMPA_REALICO,"Realico, La Pampa",LA LIBERTAD AVANZA,65.07,34.93,7386,3964,76.93,15241,11725,1.36,0.03,1.81,160,3
319,LA PAMPA_TOAY,"Toay, La Pampa",LA LIBERTAD AVANZA,54.4,45.6,6076,5093,77.52,14923,11568,1.38,0.03,2.04,160,3
320,LA PAMPA_TRENEL,"Trenel, La Pampa",LA LIBERTAD AVANZA,51.7,48.3,1992,1861,78.41,5057,3965,1.51,0.1,1.21,60,4
321,LA PAMPA_UTRACAN,"Utracan, La Pampa",LA LIBERTAD AVANZA,62.65,37.35,6482,3865,74.97,14283,10708,1.34,0.04,1.99,144,4
322,LA RIOJA_ARAUCO,"Arauco, La Rioja",LA LIBERTAD AVANZA,52.32,47.68,5227,4764,77.52,13161,10202,0.88,0.05,1.14,90,5
323,LA RIOJA_CAPITAL,"Capital, La Rioja",LA LIBERTAD AVANZA,58.28,41.72,74777,53537,79.87,163911,130916,0.73,0.04,1.22,962,47
324,LA RIOJA_CASTRO BARROS,"Castro Barros, La Rioja",UNION POR LA PATRIA,37.77,62.23,1571,2588,82.2,5153,4236,0.85,0.05,0.92,36,2
325,LA RIOJA_CHAMICAL,"Chamical, La Rioja",LA LIBERTAD AVANZA,50.88,49.12,4840,4672,76.67,12706,9742,0.92,0.11,1.32,90,11
326,LA RIOJA_CHILECITO,"Chilecito, La Rioja",LA LIBERTAD AVANZA,58.2,41.8,19481,13991,77.77,43967,34194,1.01,0.04,1.06,344,14
327,LA RIOJA_CORONEL FELIPE VARELA,"Coronel Felipe Varela, La Rioja",UNION POR LA PATRIA,44.43,55.57,3105,3884,79.51,9060,7204,1.82,0.0,1.17,131,0
328,LA RIOJA_FAMATINA,"Famatina, La Rioja",UNION POR LA PATRIA,43.21,56.79,1817,2388,79.47,5451,4332,1.66,0.0,1.27,72,0
329,LA RIOJA_GENERAL ANGEL V. PEÑALOZA,"General Angel V. Peñaloza, La Rioja",UNION POR LA PATRIA,35.92,64.08,630,1124,67.13,2671,1793,1.12,0.0,1.06,20,0
330,LA RIOJA_GENERAL BELGRANO,"General Belgrano, La Rioja",LA LIBERTAD AVANZA,51.19,48.81,2437,2324,72.02,6743,4856,0.86,0.0,1.09,42,0
331,LA RIOJA_GENERAL JUAN F. QUIROGA,"General Juan F. Quiroga, La Rioja",UNION POR LA PATRIA,42.66,57.34,1064,1430,73.42,3491,2563,1.99,0.0,0.7,51,0
332,LA RIOJA_GENERAL LAMADRID,"General Lamadrid, La Rioja",UNION POR LA PATRIA,34.77,65.23,507,951,83.45,1782,1487,1.34,0.0,0.61,20,0
333,LA RIOJA_GENERAL OCAMPO,"General Ocampo, La Rioja",UNION POR LA PATRIA,31.32,68.68,1570,3442,75.65,6736,5096,1.08,0.0,0.57,55,0
334,LA RIOJA_GENERAL SAN MARTIN,"General San Martin, La Rioja",UNION POR LA PATRIA,35.64,64.36,1073,1938,73.14,4210,3079,0.81,0.0,1.4,25,0
335,LA RIOJA_INDEPENDENCIA,"Independencia, La Rioja",UNION POR LA PATRIA,31.1,68.9,598,1325,77.95,2512,1958,0.77,0.0,1.02,15,0
336,LA RIOJA_ROSARIO VERA PEÑALOZA,"Rosario Vera Peñaloza, La Rioja",UNION POR LA PATRIA,40.03,59.97,3615,5416,67.04,13764,9228,0.81,0.05,1.27,75,5
337,LA RIOJA_SAN BLAS DE LOS SAUCES,"San Blas De Los Sauces, La Rioja",UNION POR LA PATRIA,47.02,52.98,1295,1459,79.96,3543,2833,1.09,0.0,1.69,31,0
338,LA RIOJA_SANAGASTA,"Sanagasta, La Rioja",UNION POR LA PATRIA,38.85,61.15,995,1566,83.95,3097,2600,0.58,0.04,0.88,15,1
339,LA RIOJA_VINCHINA,"Vinchina, La Rioja",UNION POR LA PATRIA,37.37,62.63,645,1081,72.22,2451,1770,1.24,0.0,1.24,22,0
340,MENDOZA_CAPITAL,"Capital, Mendoza",LA LIBERTAD AVANZA,72.86,27.14,52491,19551,74.77,100435,75098,1.99,0.06,2.02,1493,47
341,MENDOZA_GENERAL ALVEAR,"General Alvear, Mendoza",LA LIBERTAD AVANZA,63.45,36.55,16854,9709,71.43,38556,27539,1.71,0.08,1.75,472,21
342,MENDOZA_GODOY CRUZ,"Godoy Cruz, Mendoza",LA LIBERTAD AVANZA,72.13,27.87,83025,32074,75.17,159783,120107,1.72,0.05,2.4,2068,61
343,MENDOZA_GUAYMALLEN,"Guaymallen, Mendoza",LA LIBERTAD AVANZA,73.9,26.1,128158,45268,76.14,236601,180152,1.45,0.05,2.24,2607,87
344,MENDOZA_JUNIN,"Junin, Mendoza",LA LIBERTAD AVANZA,73.95,26.05,21204,7470,79.89,37416,29890,1.5,0.06,2.52,447,17
345,MENDOZA_LA PAZ,"La Paz, Mendoza",LA LIBERTAD AVANZA,50.51,49.49,3839,3762,81.99,9470,7764,0.98,0.03,1.09,76,2
346,MENDOZA_LAS HERAS,"Las Heras, Mendoza",LA LIBERTAD AVANZA,68.03,31.97,82988,38995,75.25,168630,126887,1.4,0.07,2.39,1782,86
347,MENDOZA_LAVALLE,"Lavalle, Mendoza",LA LIBERTAD AVANZA,59.93,40.07,15909,10635,75.4,36296,27368,1.35,0.05,1.61,369,14
348,MENDOZA_LUJAN DE CUYO,"Lujan De Cuyo, Mendoza",LA LIBERTAD AVANZA,77.01,22.99,66872,19960,77.72,115929,90099,1.48,0.06,2.08,1333,58
349,MENDOZA_MAIPU,"Maipu, Mendoza",LA LIBERTAD AVANZA,73.41,26.59,85617,31008,78.65,153852,121010,1.4,0.05,2.18,1696,57
350,MENDOZA_MALARGÜE,"Malargüe, Mendoza",LA LIBERTAD AVANZA,64.9,35.1,11239,6079,71.08,25331,18006,1.79,0.0,2.03,322,0
351,MENDOZA_RIVADAVIA,"Rivadavia, Mendoza",LA LIBERTAD AVANZA,70.0,30.0,24649,10562,79.15,46163,36540,1.54,0.04,2.06,561,14
352,MENDOZA_SAN CARLOS,"San Carlos, Mendoza",LA LIBERTAD AVANZA,73.89,26.11,16289,5756,78.72,28880,22735,1.12,0.03,1.89,254,6
353,MENDOZA_SAN MARTIN,"San Martin, Mendoza",LA LIBERTAD AVANZA,69.0,31.0,49468,22220,76.28,97428,74317,1.35,0.04,2.14,1006,31
354,MENDOZA_SAN RAFAEL,"San Rafael, Mendoza",LA LIBERTAD AVANZA,68.88,31.12,75745,34229,74.15,153789,114039,1.6,0.04,1.93,1828,41
355,MENDOZA_SANTA ROSA,"Santa Rosa, Mendoza",LA LIBERTAD AVANZA,55.36,44.64,6233,5026,77.69,14834,11524,0.87,0.01,1.42,100,1
356,MENDOZA_TUNUYAN,"Tunuyan, Mendoza",LA LIBERTAD AVANZA,72.56,27.44,24032,9089,78.33,43537,34103,1.17,0.01,1.7,398,4
357,MENDOZA_TUPUNGATO,"Tupungato, Mendoza",LA LIBERTAD AVANZA,75.7,24.3,15752,5057,76.64,27958,21426,1.19,0.02,1.67,255,5
358,MISIONES_25 DE MAYO,"25 De Mayo, Misiones",UNION POR LA PATRIA,40.66,59.34,4905,7158,46.7,26253,12259,1.48,0.01,0.11,182,1
359,MISIONES_APOSTOLES,"Apostoles, Misiones",LA LIBERTAD AVANZA,57.29,42.71,16220,12090,77.57,37241,28886,0.99,0.02,0.99,285,6
360,MISIONES_CAINGUAS,"Cainguas, Misiones",LA LIBERTAD AVANZA,53.11,46.89,18116,15996,74.29,47092,34983,1.88,0.02,0.59,659,7
361,MISIONES_CANDELARIA,"Candelaria, Misiones",LA LIBERTAD AVANZA,51.37,48.63,10942,10357,74.18,29387,21800,1.35,0.06,0.89,295,13
362,MISIONES_CAPITAL,"Capital, Misiones",LA LIBERTAD AVANZA,62.65,37.35,135897,81009,74.71,296624,221606,1.05,0.04,1.04,2320,83
363,MISIONES_CONCEPCION,"Concepcion, Misiones",LA LIBERTAD AVANZA,50.35,49.65,2827,2788,70.75,8079,5716,1.42,0.02,0.33,81,1
364,MISIONES_ELDORADO,"Eldorado, Misiones",LA LIBERTAD AVANZA,54.96,45.04,28197,23108,75.29,69570,52380,0.95,0.03,1.07,500,17
365,MISIONES_GENERAL MANUEL BELGRANO,"General Manuel Belgrano, Misiones",LA LIBERTAD AVANZA,53.4,46.6,13335,11637,67.51,37658,25422,1.12,0.05,0.6,285,13
366,MISIONES_GUARANI,"Guarani, Misiones",LA LIBERTAD AVANZA,50.76,49.24,20427,19817,67.52,61056,41223,1.76,0.04,0.58,724,17
367,MISIONES_IGUAZU,"Iguazu, Misiones",LA LIBERTAD AVANZA,59.51,40.49,32454,22077,71.74,77630,55690,1.23,0.02,0.82,687,13
368,MISIONES_LEANDRO N. ALEM,"Leandro N. Alem, Misiones",LA LIBERTAD AVANZA,57.76,42.24,18365,13429,78.56,41635,32709,1.89,0.01,0.9,617,3
369,MISIONES_LIBERTADOR GENERAL SAN MARTIN,"Libertador General San Martin, Misiones",LA LIBERTAD AVANZA,58.69,41.31,17955,12638,75.71,41293,31264,1.42,0.02,0.71,445,5
370,MISIONES_MONTECARLO,"Montecarlo, Misiones",LA LIBERTAD AVANZA,54.27,45.73,12070,10172,75.12,30123,22627,0.82,0.06,0.83,185,13
371,MISIONES_OBERA,"Obera, Misiones",LA LIBERTAD AVANZA,56.04,43.96,38783,30418,75.65,93407,70660,1.44,0.01,0.61,1020,9
372,MISIONES_SAN IGNACIO,"San Ignacio, Misiones",LA LIBERTAD AVANZA,52.03,47.97,19064,17573,74.76,49858,37276,1.12,0.02,0.58,417,6
373,MISIONES_SAN JAVIER,"San Javier, Misiones",UNION POR LA PATRIA,49.24,50.76,6630,6834,73.32,18684,13700,1.22,0.01,0.5,167,1
374,MISIONES_SAN PEDRO,"San Pedro, Misiones",UNION POR LA PATRIA,42.09,57.91,6939,9546,70.2,24020,16862,1.97,0.01,0.26,333,1
375,NEUQUEN_ALUMINE,"Alumine, Neuquen",LA LIBERTAD AVANZA,51.92,48.08,3203,2966,75.61,8566,6477,1.19,0.09,3.47,77,6
376,NEUQUEN_AÑELO,"Añelo, Neuquen",LA LIBERTAD AVANZA,60.93,39.07,6738,4321,72.1,15809,11398,0.82,0.03,2.13,93,3
377,NEUQUEN_CATAN LIL,"Catan Lil, Neuquen",UNION POR LA PATRIA,27.22,72.78,304,813,72.05,1610,1160,0.69,0.26,2.76,8,3
378,NEUQUEN_CHOS MALAL,"Chos Malal, Neuquen",LA LIBERTAD AVANZA,53.67,46.33,5319,4592,73.91,13976,10329,1.31,0.02,2.72,135,2
379,NEUQUEN_COLLON CURA,"Collon Cura, Neuquen",UNION POR LA PATRIA,48.0,52.0,1391,1507,74.85,4032,3018,1.09,0.03,2.85,33,1
380,NEUQUEN_CONFLUENCIA,"Confluencia, Neuquen",LA LIBERTAD AVANZA,61.28,38.72,171343,108266,80.81,361411,292074,1.32,0.05,2.9,3862,144
381,NEUQUEN_HUILICHES,"Huiliches, Neuquen",LA LIBERTAD AVANZA,53.7,46.3,6181,5330,78.47,15405,12089,1.36,0.09,3.33,164,11
382,NEUQUEN_LACAR,"Lacar, Neuquen",LA LIBERTAD AVANZA,65.72,34.28,15496,8084,74.89,33316,24949,1.68,0.06,3.74,420,16
383,NEUQUEN_LONCOPUE,"Loncopue, Neuquen",LA LIBERTAD AVANZA,50.49,49.51,2330,2285,82.22,5927,4873,1.15,0.0,4.15,56,0
384,NEUQUEN_LOS LAGOS,"Los Lagos, Neuquen",LA LIBERTAD AVANZA,67.09,32.91,6088,2987,70.05,13610,9534,1.54,0.16,3.12,147,15
385,NEUQUEN_MINAS,"Minas, Neuquen",UNION POR LA PATRIA,48.33,51.67,2613,2794,77.83,7430,5783,1.95,0.0,4.55,113,0
386,NEUQUEN_PEHUENCHES,"Pehuenches, Neuquen",LA LIBERTAD AVANZA,61.45,38.55,10118,6347,74.62,22729,16961,0.88,0.06,1.98,150,11
387,NEUQUEN_PICUN LEUFU,"Picun Leufu, Neuquen",UNION POR LA PATRIA,47.14,52.86,1526,1711,77.21,4358,3365,1.07,0.06,2.67,36,2
388,NEUQUEN_PICUNCHES,"Picunches, Neuquen",LA LIBERTAD AVANZA,61.35,38.65,2868,1807,76.6,6358,4870,1.01,0.04,2.96,49,2
389,NEUQUEN_ZAPALA,"Zapala, Neuquen",LA LIBERTAD AVANZA,61.69,38.31,16387,10177,80.39,34653,27857,1.12,0.01,3.52,311,2
390,NEUQUEN_ÑORQUIN,"Ñorquin, Neuquen",UNION POR LA PATRIA,43.5,56.5,1567,2035,76.65,4887,3746,1.28,0.16,2.4,48,6
391,RIO NEGRO_25 DE MAYO,"25 De Mayo, Rio Negro",UNION POR LA PATRIA,36.84,63.16,3161,5419,69.05,12881,8894,1.08,0.0,2.45,96,0
392,RIO NEGRO_9 DE JULIO,"9 De Julio, Rio Negro",UNION POR LA PATRIA,32.7,67.3,641,1319,62.75,3216,2018,1.19,0.05,1.64,24,1
393,RIO NEGRO_ADOLFO ALSINA,"Adolfo Alsina, Rio Negro",LA LIBERTAD AVANZA,53.47,46.53,22773,19819,76.18,58223,44357,1.35,0.09,2.54,601,39
394,RIO NEGRO_AVELLANEDA,"Avellaneda, Rio Negro",LA LIBERTAD AVANZA,54.53,45.47,12868,10731,76.57,31927,24445,1.04,0.01,2.41,254,3
395,RIO NEGRO_BARILOCHE,"Bariloche, Rio Negro",LA LIBERTAD AVANZA,50.02,49.98,44704,44672,72.36,129508,93716,1.7,0.07,2.86,1595,65
396,RIO NEGRO_CONESA,"Conesa, Rio Negro",LA LIBERTAD AVANZA,55.49,44.51,2250,1805,71.53,5869,4198,1.05,0.02,2.33,44,1
397,RIO NEGRO_EL CUY,"El Cuy, Rio Negro",UNION POR LA PATRIA,42.52,57.48,1035,1399,72.36,3459,2503,0.68,0.0,2.08,17,0
398,RIO NEGRO_GENERAL ROCA,"General Roca, Rio Negro",LA LIBERTAD AVANZA,57.55,42.45,127883,94326,78.65,293624,230941,1.2,0.02,2.55,2779,53
399,RIO NEGRO_PICHI MAHUIDA,"Pichi Mahuida, Rio Negro",LA LIBERTAD AVANZA,56.16,43.84,5257,4104,74.18,13054,9684,1.1,0.03,2.2,107,3
400,RIO NEGRO_PILCANIYEU,"Pilcaniyeu, Rio Negro",UNION POR LA PATRIA,46.9,53.1,2801,3171,72.56,8626,6259,1.73,0.06,2.8,108,4
401,RIO NEGRO_SAN ANTONIO,"San Antonio, Rio Negro",LA LIBERTAD AVANZA,52.72,47.28,10975,9841,71.76,30021,21542,0.99,0.03,2.35,213,7
402,RIO NEGRO_VALCHETA,"Valcheta, Rio Negro",UNION POR LA PATRIA,41.6,58.4,1119,1571,68.12,4131,2814,1.24,0.04,3.13,35,1
403,RIO NEGRO_ÑORQUINCO,"Ñorquinco, Rio Negro",UNION POR LA PATRIA,23.44,76.56,195,637,60.67,1429,867,0.92,0.0,3.11,8,0
404,SALTA_ANTA,"Anta, Salta",UNION POR LA PATRIA,46.07,53.93,16670,19515,69.88,52546,36717,0.72,0.11,0.62,265,41
405,SALTA_CACHI,"Cachi, Salta",LA LIBERTAD AVANZA,58.16,41.84,3135,2255,73.18,7561,5533,1.05,0.07,1.46,58,4
406,SALTA_CAFAYATE,"Cafayate, Salta",LA LIBERTAD AVANZA,55.85,44.15,6200,4901,78.82,14459,11396,1.1,0.17,1.33,125,19
407,SALTA_CAPITAL,"Capital, Salta",LA LIBERTAD AVANZA,65.92,34.08,226946,117311,78.62,451114,354683,1.17,0.15,1.62,4153,525
408,SALTA_CERRILLOS,"Cerrillos, Salta",LA LIBERTAD AVANZA,64.41,35.59,21388,11816,79.68,42606,33950,0.98,0.07,1.15,332,24
409,SALTA_CHICOANA,"Chicoana, Salta",LA LIBERTAD AVANZA,64.32,35.68,9953,5520,80.9,19493,15770,0.84,0.04,1.0,133,6
410,SALTA_GENERAL GUEMES,"General Guemes, Salta",LA LIBERTAD AVANZA,55.12,44.88,17591,14322,77.11,42186,32530,0.74,0.16,1.0,240,51
411,SALTA_GENERAL JOSE DE SAN MARTIN,"General Jose De San Martin, Salta",UNION POR LA PATRIA,41.34,58.66,39615,56217,69.28,140473,97316,0.68,0.07,0.77,666,71
412,SALTA_GUACHIPAS,"Guachipas, Salta",LA LIBERTAD AVANZA,59.19,40.81,1375,948,70.67,3351,2368,0.72,0.17,1.01,17,4
413,SALTA_IRUYA,"Iruya, Salta",UNION POR LA PATRIA,42.45,57.55,509,690,24.4,4991,1218,0.82,0.25,0.49,10,3
414,SALTA_LA CALDERA,"La Caldera, Salta",LA LIBERTAD AVANZA,66.62,33.38,8229,4124,79.16,15973,12645,1.23,0.15,0.93,156,19
415,SALTA_LA CANDELARIA,"La Candelaria, Salta",UNION POR LA PATRIA,47.28,52.72,2052,2288,77.01,5755,4432,0.83,0.14,1.11,37,6
416,SALTA_LA POMA,"La Poma, Salta",UNION POR LA PATRIA,47.94,52.06,511,555,73.78,1495,1103,2.27,0.0,1.09,25,0
417,SALTA_LA VIÑA,"La Viña, Salta",LA LIBERTAD AVANZA,58.35,41.65,3505,2502,75.15,8130,6110,0.74,0.1,0.85,45,6
418,SALTA_LOS ANDES,"Los Andes, Salta",LA LIBERTAD AVANZA,60.69,39.31,2535,1642,64.68,6628,4287,0.77,0.26,1.54,33,11
419,SALTA_METAN,"Metan, Salta",LA LIBERTAD AVANZA,54.25,45.75,14023,11824,72.6,36396,26423,0.89,0.09,1.19,236,25
420,SALTA_MOLINOS,"Molinos, Salta",LA LIBERTAD AVANZA,50.52,49.48,1813,1776,72.67,5050,3670,1.01,0.08,1.12,37,3
421,SALTA_ORAN,"Oran, Salta",LA LIBERTAD AVANZA,54.27,45.73,45677,38492,69.43,123279,85594,0.86,0.1,0.71,738,82
422,SALTA_RIVADAVIA,"Rivadavia, Salta",UNION POR LA PATRIA,23.95,76.05,4001,12708,56.41,29942,16891,0.54,0.14,0.4,91,24
423,SALTA_ROSARIO DE LA FRONTERA,"Rosario De La Frontera, Salta",UNION POR LA PATRIA,49.07,50.93,9502,9863,74.53,26550,19787,1.02,0.1,1.02,202,19
424,SALTA_ROSARIO DE LERMA,"Rosario De Lerma, Salta",LA LIBERTAD AVANZA,63.7,36.3,19207,10945,79.13,38991,30852,0.96,0.09,1.22,296,28
425,SALTA_SAN CARLOS,"San Carlos, Salta",UNION POR LA PATRIA,47.44,52.56,2072,2296,67.63,6592,4458,0.85,0.09,1.08,38,4
426,SAN JUAN_25 DE MAYO,"25 De Mayo, San Juan",UNION POR LA PATRIA,47.21,52.79,4977,5566,71.99,14919,10740,0.96,0.02,0.86,103,2
427,SAN JUAN_9 DE JULIO,"9 De Julio, San Juan",LA LIBERTAD AVANZA,58.21,41.79,3868,2777,71.57,9468,6776,0.71,0.09,1.14,48,6
428,SAN JUAN_ALBARDON,"Albardon, San Juan",LA LIBERTAD AVANZA,59.89,40.11,10287,6889,78.65,22491,17690,1.48,0.06,1.37,262,10
429,SAN JUAN_ANGACO,"Angaco, San Juan",LA LIBERTAD AVANZA,59.88,40.12,3823,2561,78.43,8336,6538,0.81,0.05,1.5,53,3
430,SAN JUAN_CALINGASTA,"Calingasta, San Juan",LA LIBERTAD AVANZA,62.22,37.78,3453,2097,67.13,8642,5801,1.81,0.0,2.52,105,0
431,SAN JUAN_CAPITAL,"Capital, San Juan",LA LIBERTAD AVANZA,70.39,29.61,49940,21003,77.89,93773,73036,1.27,0.09,1.51,928,65
432,SAN JUAN_CAUCETE,"Caucete, San Juan",LA LIBERTAD AVANZA,51.01,48.99,11865,11396,75.56,31818,24041,0.77,1.17,1.3,186,281
433,SAN JUAN_CHIMBAS,"Chimbas, San Juan",LA LIBERTAD AVANZA,56.17,43.83,30239,23596,75.49,73432,55433,1.01,0.1,1.77,559,56
434,SAN JUAN_IGLESIA,"Iglesia, San Juan",LA LIBERTAD AVANZA,57.59,42.41,3013,2219,67.69,8007,5420,1.55,0.07,1.85,84,4
435,SAN JUAN_JACHAL,"Jachal, San Juan",UNION POR LA PATRIA,42.91,57.09,6529,8688,78.67,20009,15742,1.18,0.16,2.0,185,25
436,SAN JUAN_POCITO,"Pocito, San Juan",LA LIBERTAD AVANZA,60.7,39.3,22649,14662,77.59,49540,38437,1.3,0.07,1.56,500,27
437,SAN JUAN_RAWSON,"Rawson, San Juan",LA LIBERTAD AVANZA,61.32,38.68,45364,28621,75.99,100356,76264,1.07,0.13,1.79,814,98
438,SAN JUAN_RIVADAVIA,"Rivadavia, San Juan",LA LIBERTAD AVANZA,64.89,35.11,36812,19920,77.9,75056,58467,1.17,0.09,1.7,685,54
439,SAN JUAN_SAN MARTIN,"San Martin, San Juan",LA LIBERTAD AVANZA,53.87,46.13,4437,3799,81.04,10459,8476,1.09,0.04,1.71,92,3
440,SAN JUAN_SANTA LUCIA,"Santa Lucia, San Juan",LA LIBERTAD AVANZA,67.22,32.78,22557,10998,76.81,44965,34538,1.01,0.07,1.76,350,25
441,SAN JUAN_SARMIENTO,"Sarmiento, San Juan",LA LIBERTAD AVANZA,57.93,42.07,8656,6285,77.97,19695,15356,1.31,0.01,1.39,201,1
442,SAN JUAN_ULLUM,"Ullum, San Juan",UNION POR LA PATRIA,37.25,62.75,1470,2476,84.31,4779,4029,1.34,0.12,0.6,54,5
443,SAN JUAN_VALLE FERTIL,"Valle Fertil, San Juan",LA LIBERTAD AVANZA,53.2,46.8,2634,2317,73.86,6871,5075,0.91,0.02,1.52,46,1
444,SAN JUAN_ZONDA,"Zonda, San Juan",UNION POR LA PATRIA,48.79,51.21,1856,1948,81.03,4797,3887,0.85,0.0,1.29,33,0
445,SAN LUIS_AYACUCHO,"Ayacucho, San Luis",LA LIBERTAD AVANZA,57.34,42.66,7875,5858,74.39,18985,14123,1.17,0.02,1.57,165,3
446,SAN LUIS_BELGRANO,"Belgrano, San Luis",LA LIBERTAD AVANZA,58.23,41.77,1886,1353,69.8,4735,3305,0.94,0.0,1.06,31,0
447,SAN LUIS_CHACABUCO,"Chacabuco, San Luis",LA LIBERTAD AVANZA,63.42,36.58,9909,5716,77.13,20924,16139,1.43,0.01,1.75,231,1
448,SAN LUIS_CORONEL PRINGLES,"Coronel Pringles, San Luis",LA LIBERTAD AVANZA,63.89,36.11,6378,3605,79.14,13064,10339,1.22,0.24,1.98,126,25
449,SAN LUIS_GENERAL PEDERNERA,"General Pedernera, San Luis",LA LIBERTAD AVANZA,72.26,27.74,64122,24615,78.69,116357,91566,1.13,0.04,1.92,1036,39
450,SAN LUIS_GOBERNADOR DUPUY,"Gobernador Dupuy, San Luis",LA LIBERTAD AVANZA,61.71,38.29,4976,3087,72.92,11276,8223,1.01,0.04,0.9,83,3
451,SAN LUIS_JUAN MARTIN DE PUEYRREDON,"Juan Martin De Pueyrredon, San Luis",LA LIBERTAD AVANZA,68.89,31.11,101846,45988,77.37,197582,152876,1.26,0.1,1.94,1931,150
452,SAN LUIS_JUNIN,"Junin, San Luis",LA LIBERTAD AVANZA,63.31,36.69,15111,8757,74.04,33679,24937,1.76,0.08,2.44,439,21
453,SAN LUIS_LIBERTADOR GENERAL SAN MARTIN,"Libertador General San Martin, San Luis",LA LIBERTAD AVANZA,50.24,49.76,1675,1659,77.22,4442,3430,1.02,0.03,1.75,35,1
454,SANTA CRUZ_CORPEN AIKE,"Corpen Aike, Santa Cruz",LA LIBERTAD AVANZA,59.62,40.38,4869,3298,72.11,11597,8363,0.67,0.0,1.67,56,0
455,SANTA CRUZ_DESEADO,"Deseado, Santa Cruz",LA LIBERTAD AVANZA,56.91,43.09,38398,29078,69.45,100330,69679,0.89,0.03,2.24,622,20
456,SANTA CRUZ_GÜER AIKE,"Güer Aike, Santa Cruz",LA LIBERTAD AVANZA,59.68,40.32,43996,29724,71.87,106417,76485,1.14,0.03,2.45,870,23
457,SANTA CRUZ_LAGO ARGENTINO,"Lago Argentino, Santa Cruz",LA LIBERTAD AVANZA,51.3,48.7,7347,6975,67.23,22165,14902,1.37,0.04,2.48,204,6
458,SANTA CRUZ_LAGO BUENOS AIRES,"Lago Buenos Aires, Santa Cruz",LA LIBERTAD AVANZA,56.38,43.62,3737,2891,65.17,10517,6854,0.77,0.03,2.49,53,2
459,SANTA CRUZ_MAGALLANES,"Magallanes, Santa Cruz",LA LIBERTAD AVANZA,66.36,33.64,4349,2205,65.76,10418,6851,1.12,0.0,3.21,77,0
460,SANTA CRUZ_RIO CHICO,"Rio Chico, Santa Cruz",LA LIBERTAD AVANZA,58.02,41.98,1483,1073,60.69,4381,2659,0.98,0.04,2.86,26,1
461,SANTA FE_9 DE JULIO,"9 De Julio, Santa Fe",LA LIBERTAD AVANZA,66.18,33.82,12273,6272,70.44,26821,18894,0.75,0.01,1.09,142,1
462,SANTA FE_BELGRANO,"Belgrano, Santa Fe",LA LIBERTAD AVANZA,71.78,28.22,21026,8266,76.97,39428,30349,1.96,0.0,1.52,596,0
463,SANTA FE_CASEROS,"Caseros, Santa Fe",LA LIBERTAD AVANZA,70.88,29.12,37483,15398,76.53,72338,55359,2.23,0.04,2.2,1236,24
464,SANTA FE_CASTELLANOS,"Castellanos, Santa Fe",LA LIBERTAD AVANZA,73.49,26.51,81645,29457,76.21,150951,115036,1.51,0.01,1.9,1737,13
465,SANTA FE_CONSTITUCION,"Constitucion, Santa Fe",LA LIBERTAD AVANZA,60.13,39.87,34436,22835,77.81,76806,59760,1.86,0.01,2.29,1111,8
466,SANTA FE_GARAY,"Garay, Santa Fe",LA LIBERTAD AVANZA,61.82,38.18,8566,5291,71.37,19909,14209,0.9,0.0,1.58,128,0
467,SANTA FE_GENERAL LOPEZ,"General Lopez, Santa Fe",LA LIBERTAD AVANZA,70.68,29.32,85463,35451,75.2,166983,125573,1.86,0.01,1.84,2337,9
468,SANTA FE_GENERAL OBLIGADO,"General Obligado, Santa Fe",LA LIBERTAD AVANZA,62.09,37.91,70208,42864,75.07,154178,115735,0.88,0.07,1.36,1015,78
469,SANTA FE_IRIONDO,"Iriondo, Santa Fe",LA LIBERTAD AVANZA,66.85,33.15,29331,14546,76.53,59844,45801,2.11,0.0,2.09,968,0
470,SANTA FE_LA CAPITAL,"La Capital, Santa Fe",LA LIBERTAD AVANZA,60.95,39.05,197934,126820,73.8,457995,338022,1.63,0.04,2.25,5508,143
471,SANTA FE_LAS COLONIAS,"Las Colonias, Santa Fe",LA LIBERTAD AVANZA,77.11,22.89,52798,15669,77.9,91062,70934,1.58,0.01,1.89,1118,9
472,SANTA FE_ROSARIO,"Rosario, Santa Fe",LA LIBERTAD AVANZA,57.77,42.23,434442,317557,74.29,1056533,784935,1.72,0.03,2.45,13483,204
473,SANTA FE_SAN CRISTOBAL,"San Cristobal, Santa Fe",LA LIBERTAD AVANZA,66.94,33.06,27775,13716,70.63,60559,42770,1.25,0.0,1.73,535,2
474,SANTA FE_SAN JAVIER,"San Javier, Santa Fe",LA LIBERTAD AVANZA,56.39,43.61,10645,8234,69.84,27930,19506,1.07,0.04,2.11,208,8
475,SANTA FE_SAN JERONIMO,"San Jeronimo, Santa Fe",LA LIBERTAD AVANZA,64.74,35.26,32776,17852,74.74,70210,52478,1.61,0.01,1.91,843,6
476,SANTA FE_SAN JUSTO,"San Justo, Santa Fe",LA LIBERTAD AVANZA,69.49,30.51,18809,8257,74.93,37293,27943,1.12,0.01,2.01,313,3
477,SANTA FE_SAN LORENZO,"San Lorenzo, Santa Fe",LA LIBERTAD AVANZA,63.76,36.24,75457,42894,78.1,157360,122893,1.46,0.03,2.21,1800,31
478,SANTA FE_SAN MARTIN,"San Martin, Santa Fe",LA LIBERTAD AVANZA,73.58,26.42,30077,10800,77.11,55164,42538,1.59,0.01,2.3,676,5
479,SANTA FE_VERA,"Vera, Santa Fe",LA LIBERTAD AVANZA,54.62,45.38,17099,14209,69.04,46430,32054,1.02,0.02,1.29,326,7
480,SANTIAGO DEL ESTERO_AGUIRRE,"Aguirre, Santiago Del Estero",UNION POR LA PATRIA,37.75,62.25,2082,3433,75.41,7461,5626,0.8,0.0,1.17,45,0
481,SANTIAGO DEL ESTERO_ALBERDI,"Alberdi, Santiago Del Estero",UNION POR LA PATRIA,21.96,78.04,2383,8468,75.64,14468,10944,0.5,0.05,0.3,55,5
482,SANTIAGO DEL ESTERO_ATAMISQUI,"Atamisqui, Santiago Del Estero",UNION POR LA PATRIA,14.05,85.95,1170,7155,78.01,10766,8399,0.5,0.01,0.37,42,1
483,SANTIAGO DEL ESTERO_AVELLANEDA,"Avellaneda, Santiago Del Estero",UNION POR LA PATRIA,21.09,78.91,3104,11611,75.13,19747,14835,0.52,0.0,0.29,77,0
484,SANTIAGO DEL ESTERO_BANDA,"Banda, Santiago Del Estero",UNION POR LA PATRIA,33.82,66.18,35087,68654,78.82,133648,105336,0.66,0.06,0.79,700,59
485,SANTIAGO DEL ESTERO_BELGRANO,"Belgrano, Santiago Del Estero",LA LIBERTAD AVANZA,55.13,44.87,3597,2927,80.98,8177,6622,0.74,0.0,0.74,49,0
486,SANTIAGO DEL ESTERO_CAPITAL,"Capital, Santiago Del Estero",UNION POR LA PATRIA,39.05,60.95,79927,124730,81.05,257341,208574,0.84,0.03,1.01,1760,53
487,SANTIAGO DEL ESTERO_CHOYA,"Choya, Santiago Del Estero",UNION POR LA PATRIA,25.75,74.25,6381,18403,78.15,32231,25188,0.77,0.03,0.81,193,8
488,SANTIAGO DEL ESTERO_COPO,"Copo, Santiago Del Estero",UNION POR LA PATRIA,24.03,75.97,4706,14877,75.2,26270,19755,0.48,0.05,0.34,94,10
489,SANTIAGO DEL ESTERO_FIGUEROA,"Figueroa, Santiago Del Estero",UNION POR LA PATRIA,10.06,89.94,1148,10266,74.59,15395,11483,0.3,0.01,0.29,35,1
490,SANTIAGO DEL ESTERO_GENERAL TABOADA,"General Taboada, Santiago Del Estero",UNION POR LA PATRIA,29.57,70.43,8425,20063,78.2,36906,28859,0.69,0.02,0.58,200,5
491,SANTIAGO DEL ESTERO_GUASAYAN,"Guasayan, Santiago Del Estero",UNION POR LA PATRIA,19.03,80.97,1118,4757,76.8,7702,5915,0.3,0.07,0.3,18,4
492,SANTIAGO DEL ESTERO_JIMENEZ,"Jimenez, Santiago Del Estero",UNION POR LA PATRIA,17.44,82.56,1633,7731,76.56,12302,9418,0.36,0.0,0.21,34,0
493,SANTIAGO DEL ESTERO_JUAN F. IBARRA,"Juan F. Ibarra, Santiago Del Estero",UNION POR LA PATRIA,23.7,76.3,2663,8571,77.87,14557,11335,0.59,0.01,0.29,67,1
494,SANTIAGO DEL ESTERO_LORETO,"Loreto, Santiago Del Estero",UNION POR LA PATRIA,27.49,72.51,3899,10282,74.47,19255,14340,0.54,0.01,0.56,78,1
495,SANTIAGO DEL ESTERO_MITRE,"Mitre, Santiago Del Estero",UNION POR LA PATRIA,40.77,59.23,274,398,64.6,1065,688,1.31,0.0,1.02,9,0
496,SANTIAGO DEL ESTERO_MORENO,"Moreno, Santiago Del Estero",UNION POR LA PATRIA,29.4,70.6,6528,15677,75.53,29755,22474,0.72,0.04,0.44,161,8
497,SANTIAGO DEL ESTERO_OJO DE AGUA,"Ojo De Agua, Santiago Del Estero",UNION POR LA PATRIA,34.3,65.7,3362,6440,75.07,13288,9975,0.89,0.01,0.83,89,1
498,SANTIAGO DEL ESTERO_PELLEGRINI,"Pellegrini, Santiago Del Estero",UNION POR LA PATRIA,20.42,79.58,3025,11789,78.79,18945,14927,0.51,0.01,0.24,76,1
499,SANTIAGO DEL ESTERO_QUEBRACHOS,"Quebrachos, Santiago Del Estero",UNION POR LA PATRIA,41.99,58.01,2622,3623,72.93,8695,6341,0.57,0.03,0.91,36,2
500,SANTIAGO DEL ESTERO_RIO HONDO,"Rio Hondo, Santiago Del Estero",UNION POR LA PATRIA,26.74,73.26,10515,28807,77.25,51753,39979,0.64,0.01,1.0,256,3
501,SANTIAGO DEL ESTERO_RIVADAVIA,"Rivadavia, Santiago Del Estero",LA LIBERTAD AVANZA,54.05,45.95,1663,1414,81.92,3795,3109,0.64,0.0,0.39,20,0
502,SANTIAGO DEL ESTERO_ROBLES,"Robles, Santiago Del Estero",UNION POR LA PATRIA,31.69,68.31,10031,21627,77.17,41559,32072,0.7,0.03,0.56,226,9
503,SANTIAGO DEL ESTERO_SALAVINA,"Salavina, Santiago Del Estero",UNION POR LA PATRIA,20.59,79.41,1425,5495,71.47,9796,7001,0.56,0.01,0.59,39,1
504,SANTIAGO DEL ESTERO_SAN MARTIN,"San Martin, Santiago Del Estero",UNION POR LA PATRIA,10.29,89.71,642,5595,77.81,8036,6253,0.18,0.0,0.08,11,0
505,SANTIAGO DEL ESTERO_SARMIENTO,"Sarmiento, Santiago Del Estero",UNION POR LA PATRIA,16.23,83.77,398,2055,73.9,3345,2472,0.32,0.04,0.4,8,1
506,SANTIAGO DEL ESTERO_SILIPICA,"Silipica, Santiago Del Estero",UNION POR LA PATRIA,12.68,87.32,784,5400,78.83,7926,6248,0.64,0.02,0.37,40,1
507,TIERRA DEL FUEGO_ANTARTIDA ARGENTINA,"Antartida Argentina, Tierra Del Fuego",LA LIBERTAD AVANZA,90.58,9.42,173,18,67.12,292,196,2.55,0.0,0.0,5,0
508,TIERRA DEL FUEGO_RIO GRANDE,"Rio Grande, Tierra Del Fuego",UNION POR LA PATRIA,49.37,50.63,26592,27266,73.64,76468,56311,1.05,0.11,3.19,594,60
509,TIERRA DEL FUEGO_TOLHUIN,"Tolhuin, Tierra Del Fuego",LA LIBERTAD AVANZA,57.47,42.53,2227,1648,69.12,5780,3995,0.58,0.15,2.28,23,6
510,TIERRA DEL FUEGO_USHUAIA,"Ushuaia, Tierra Del Fuego",LA LIBERTAD AVANZA,57.48,42.52,25840,19114,71.79,65444,46984,1.02,0.07,3.24,477,32
511,TUCUMAN_BURRUYACU,"Burruyacu, Tucuman",UNION POR LA PATRIA,34.38,65.62,10358,19772,79.53,38421,30555,0.61,0.09,0.68,187,29
512,TUCUMAN_CAPITAL,"Capital, Tucuman",LA LIBERTAD AVANZA,60.33,39.67,219842,144549,81.2,460293,373760,0.93,0.08,1.5,3470,304
513,TUCUMAN_CHICLIGASTA,"Chicligasta, Tucuman",LA LIBERTAD AVANZA,50.3,49.7,28880,28530,82.85,70534,58440,0.67,0.03,1.06,392,19
514,TUCUMAN_CRUZ ALTA,"Cruz Alta, Tucuman",UNION POR LA PATRIA,45.31,54.69,65480,79034,84.44,174044,146956,0.62,0.11,0.93,916,161
515,TUCUMAN_FAMAILLA,"Famailla, Tucuman",UNION POR LA PATRIA,48.25,51.75,12756,13684,82.16,32781,26934,0.83,0.07,0.94,224,18
516,TUCUMAN_GRANEROS,"Graneros, Tucuman",UNION POR LA PATRIA,27.28,72.72,2793,7445,82.14,12607,10356,0.71,0.0,0.42,74,0
517,TUCUMAN_JUAN BAUTISTA ALBERDI,"Juan Bautista Alberdi, Tucuman",UNION POR LA PATRIA,46.83,53.17,10306,11702,82.06,27193,22315,0.6,0.04,0.73,135,8
518,TUCUMAN_LA COCHA,"La Cocha, Tucuman",UNION POR LA PATRIA,40.9,59.1,5727,8275,83.58,17054,14254,0.69,0.42,0.66,98,60
519,TUCUMAN_LEALES,"Leales, Tucuman",UNION POR LA PATRIA,38.66,61.34,16159,25638,82.79,51229,42411,0.54,0.04,0.87,228,16
520,TUCUMAN_LULES,"Lules, Tucuman",LA LIBERTAD AVANZA,55.35,44.65,26453,21335,84.26,57830,48725,0.62,0.1,1.2,300,50
521,TUCUMAN_MONTEROS,"Monteros, Tucuman",UNION POR LA PATRIA,39.7,60.3,18983,28834,83.32,58197,48488,0.7,0.07,0.62,337,35
522,TUCUMAN_RIO CHICO,"Rio Chico, Tucuman",UNION POR LA PATRIA,37.29,62.71,15898,26739,84.2,51352,43238,0.76,0.05,0.58,328,22
523,TUCUMAN_SIMOCA,"Simoca, Tucuman",UNION POR LA PATRIA,34.14,65.86,8150,15723,82.3,29332,24140,0.61,0.04,0.46,148,9
524,TUCUMAN_TAFI DEL VALLE,"Tafi Del Valle, Tucuman",UNION POR LA PATRIA,42.11,57.89,5467,7515,81.08,16366,13269,0.8,0.05,1.32,106,6
525,TUCUMAN_TAFI VIEJO,"Tafi Viejo, Tucuman",LA LIBERTAD AVANZA,57.06,42.94,58987,44385,83.95,126027,105797,0.81,0.12,1.36,860,124
526,TUCUMAN_TRANCAS,"Trancas, Tucuman",UNION POR LA PATRIA,47.4,52.6,6381,7080,80.66,17019,13727,0.79,0.07,1.08,109,9
527,TUCUMAN_YERBA BUENA,"Yerba Buena, Tucuman",LA LIBERTAD AVANZA,65.43,34.57,42389,22398,83.86,79214,66427,1.1,0.07,1.3,734,44
