,id,seccion,agrupacion_ganadora,FRENTE DE IZQUIERDA Y DE TRABAJADORES - UNIDAD_perc,HACEMOS POR NUESTRO PAIS_perc,JUNTOS POR EL CAMBIO_perc,LA LIBERTAD AVANZA_perc,UNION POR LA PATRIA_perc,FRENTE DE IZQUIERDA Y DE TRABAJADORES - UNIDAD,HACEMOS POR NUESTRO PAIS_votos,JUNTOS POR EL CAMBIO_votos,LA LIBERTAD AVANZA_votos,UNION POR LA PATRIA_votos,Participacion,electores,votantes,BLANCO_perc,IMPUGNADO_perc,NULO_perc,BLANCO_votos,IMPUGNADO_votos
0,BUENOS AIRES_25 DE MAYO,"25 De Mayo, Buenos Aires",JUNTOS POR EL CAMBIO,1.46,4.41,32.17,29.9,32.05,351,1058,7709,7166,7681,79.0,31754,25085,3.69,0.18,0.6,925,45
1,BUENOS AIRES_9 DE JULIO,"9 De Julio, Buenos Aires",JUNTOS POR EL CAMBIO,2.19,5.33,33.97,31.07,27.44,720,1753,11177,10223,9028,78.38,43208,33867,2.2,0.03,0.62,746,10
2,BUENOS AIRES_ADOLFO ALSINA,"Adolfo Alsina, Buenos Aires",JUNTOS POR EL CAMBIO,1.65,5.86,33.5,33.46,25.53,169,599,3426,3422,2611,73.49,14505,10660,3.39,0.2,0.48,361,21
3,BUENOS AIRES_ADOLFO GONZALES CHAVES,"Adolfo Gonzales Chaves, Buenos Aires",UNION POR LA PATRIA,1.53,5.62,24.81,29.66,38.38,119,438,1934,2312,2991,76.65,10861,8325,5.3,0.22,0.86,441,18
4,BUENOS AIRES_ALBERTI,"Alberti, Buenos Aires",UNION POR LA PATRIA,1.61,4.66,29.7,28.54,35.49,123,356,2268,2179,2710,82.21,9648,7932,3.68,0.04,0.01,292,3
5,BUENOS AIRES_ALMIRANTE BROWN,"Almirante Brown, Buenos Aires",UNION POR LA PATRIA,4.42,3.55,18.36,23.11,50.55,15165,12191,63045,79349,173547,77.96,455602,355170,2.48,0.1,0.76,8821,343
6,BUENOS AIRES_ARRECIFES,"Arrecifes, Buenos Aires",UNION POR LA PATRIA,1.29,5.49,27.28,30.18,35.76,252,1073,5334,5902,6993,78.37,25892,20291,3.17,0.08,0.38,643,16
7,BUENOS AIRES_AVELLANEDA,"Avellaneda, Buenos Aires",UNION POR LA PATRIA,3.73,2.92,23.89,20.43,49.03,8370,6563,53651,45868,110106,78.56,294188,231114,2.21,0.16,0.47,5110,359
8,BUENOS AIRES_AYACUCHO,"Ayacucho, Buenos Aires",UNION POR LA PATRIA,2.22,6.49,31.8,27.09,32.39,297,868,4253,3623,4332,76.84,18436,14166,4.77,0.3,0.53,676,42
9,BUENOS AIRES_AZUL,"Azul, Buenos Aires",UNION POR LA PATRIA,2.55,6.54,27.16,30.45,33.31,1095,2807,11662,13076,14306,76.43,58570,44765,2.94,0.09,1.04,1316,39
10,BUENOS AIRES_BAHIA BLANCA,"Bahia Blanca, Buenos Aires",LA LIBERTAD AVANZA,3.99,4.47,29.93,32.97,28.63,7387,8270,55366,60996,52967,76.86,250524,192557,2.72,0.17,1.04,5242,321
11,BUENOS AIRES_BALCARCE,"Balcarce, Buenos Aires",LA LIBERTAD AVANZA,1.89,6.38,32.81,33.18,25.74,575,1942,9986,10100,7835,77.11,41068,31666,3.12,0.08,0.68,987,26
12,BUENOS AIRES_BARADERO,"Baradero, Buenos Aires",UNION POR LA PATRIA,1.97,5.35,19.88,27.06,45.74,453,1232,4576,6227,10528,77.78,31024,24131,3.64,0.21,0.77,879,51
13,BUENOS AIRES_BENITO JUAREZ,"Benito Juarez, Buenos Aires",UNION POR LA PATRIA,2.33,5.88,21.21,28.7,41.88,304,768,2770,3749,5471,79.67,17943,14296,7.96,0.15,0.52,1138,21
14,BUENOS AIRES_BERAZATEGUI,"Berazategui, Buenos Aires",UNION POR LA PATRIA,4.39,3.42,18.42,25.54,48.23,9382,7307,39351,54563,103047,80.79,273353,220842,2.59,0.16,0.52,5709,343
15,BUENOS AIRES_BERISSO,"Berisso, Buenos Aires",UNION POR LA PATRIA,3.71,3.26,21.9,22.93,48.2,2306,2028,13605,14244,29945,78.56,82044,64455,3.14,0.14,0.33,2022,93
16,BUENOS AIRES_BOLIVAR,"Bolivar, Buenos Aires",JUNTOS POR EL CAMBIO,1.91,4.32,32.5,28.83,32.44,461,1041,7832,6948,7817,79.81,31288,24970,2.79,0.19,0.51,696,48
17,BUENOS AIRES_BRAGADO,"Bragado, Buenos Aires",UNION POR LA PATRIA,1.62,5.83,29.96,28.13,34.46,450,1622,8341,7832,9593,77.66,37350,29006,3.19,0.12,0.72,926,34
18,BUENOS AIRES_BRANDSEN,"Brandsen, Buenos Aires",UNION POR LA PATRIA,1.88,4.52,28.03,28.57,37.0,387,931,5778,5890,7628,81.27,26459,21502,3.31,0.24,0.59,711,51
19,BUENOS AIRES_CAMPANA,"Campana, Buenos Aires",UNION POR LA PATRIA,3.23,3.37,30.38,26.37,36.65,2106,2199,19820,17199,23910,78.42,86701,67994,3.37,0.08,0.61,2291,51
20,BUENOS AIRES_CAPITAN SARMIENTO,"Capitan Sarmiento, Buenos Aires",LA LIBERTAD AVANZA,1.66,6.67,32.35,32.91,26.41,175,703,3408,3467,2783,81.01,13562,10986,3.75,0.04,0.31,412,4
21,BUENOS AIRES_CARLOS CASARES,"Carlos Casares, Buenos Aires",LA LIBERTAD AVANZA,2.0,5.02,27.3,34.41,31.28,303,761,4143,5221,4746,78.86,20142,15884,3.74,0.6,0.13,594,95
22,BUENOS AIRES_CARLOS TEJEDOR,"Carlos Tejedor, Buenos Aires",UNION POR LA PATRIA,1.79,4.2,30.67,22.11,41.22,148,347,2531,1825,3402,85.63,10189,8725,5.07,0.15,0.19,442,13
23,BUENOS AIRES_CARMEN DE ARECO,"Carmen De Areco, Buenos Aires",UNION POR LA PATRIA,1.23,5.34,25.44,30.45,37.54,133,576,2745,3285,4050,81.95,13815,11322,4.62,0.03,0.06,523,3
24,BUENOS AIRES_CASTELLI,"Castelli, Buenos Aires",UNION POR LA PATRIA,1.38,3.85,28.15,25.14,41.47,86,241,1760,1572,2593,81.98,7934,6504,3.15,0.15,0.57,205,10
25,BUENOS AIRES_CAÑUELAS,"Cañuelas, Buenos Aires",UNION POR LA PATRIA,3.48,3.77,21.09,28.47,43.19,1323,1431,8013,10819,16412,76.44,51303,39217,2.33,0.27,0.51,913,106
26,BUENOS AIRES_CHACABUCO,"Chacabuco, Buenos Aires",UNION POR LA PATRIA,2.22,5.82,23.58,29.57,38.81,765,2007,8128,10193,13379,82.36,43221,35596,2.3,0.18,0.68,818,63
27,BUENOS AIRES_CHASCOMUS,"Chascomus, Buenos Aires",JUNTOS POR EL CAMBIO,2.26,5.71,33.11,27.13,31.79,595,1503,8714,7139,8367,78.08,35319,27578,4.2,0.15,0.23,1157,40
28,BUENOS AIRES_CHIVILCOY,"Chivilcoy, Buenos Aires",UNION POR LA PATRIA,1.71,13.02,22.85,27.62,34.81,780,5925,10400,12573,15845,79.53,60456,48079,4.68,0.18,0.46,2252,85
29,BUENOS AIRES_COLON,"Colon, Buenos Aires",UNION POR LA PATRIA,1.83,7.18,24.6,25.82,40.58,307,1207,4138,4343,6826,79.02,22210,17551,3.66,0.13,0.37,642,23
30,BUENOS AIRES_CORONEL DE MARINA LEONARDO ROSALES,"Coronel De Marina Leonardo Rosales, Buenos Aires",LA LIBERTAD AVANZA,2.39,4.4,32.38,40.68,20.14,890,1637,12037,15121,7485,78.37,49249,38597,2.91,0.07,0.72,1122,28
31,BUENOS AIRES_CORONEL DORREGO,"Coronel Dorrego, Buenos Aires",JUNTOS POR EL CAMBIO,1.65,3.97,35.71,29.85,28.81,174,418,3755,3139,3030,79.51,13921,11069,4.08,0.37,0.54,452,41
32,BUENOS AIRES_CORONEL PRINGLES,"Coronel Pringles, Buenos Aires",LA LIBERTAD AVANZA,2.68,4.57,32.45,35.35,24.95,380,647,4597,5007,3534,72.37,20570,14886,3.74,0.25,0.85,557,37
33,BUENOS AIRES_CORONEL SUAREZ,"Coronel Suarez, Buenos Aires",LA LIBERTAD AVANZA,2.81,8.2,28.0,33.3,27.69,720,2100,7173,8533,7095,76.66,35074,26888,3.19,0.33,1.2,857,88
34,BUENOS AIRES_DAIREAUX,"Daireaux, Buenos Aires",UNION POR LA PATRIA,1.34,3.25,31.39,31.34,32.68,154,375,3619,3614,3768,79.27,15253,12091,4.02,0.22,0.4,486,27
35,BUENOS AIRES_DOLORES,"Dolores, Buenos Aires",JUNTOS POR EL CAMBIO,1.14,3.29,35.83,27.13,32.6,228,657,7151,5415,6506,82.17,25510,20961,3.9,0.19,0.7,817,40
36,BUENOS AIRES_ENSENADA,"Ensenada, Buenos Aires",UNION POR LA PATRIA,3.68,2.46,17.33,21.37,55.16,1629,1088,7665,9447,24388,78.66,58157,45748,2.8,0.28,0.26,1281,129
37,BUENOS AIRES_ESCOBAR,"Escobar, Buenos Aires",UNION POR LA PATRIA,3.55,3.64,20.0,30.15,42.66,5274,5403,29676,44742,63308,78.2,196873,153953,2.89,0.17,0.54,4448,269
38,BUENOS AIRES_ESTEBAN ECHEVERRIA,"Esteban Echeverria, Buenos Aires",UNION POR LA PATRIA,4.2,3.53,19.45,27.22,45.61,7584,6367,35116,49147,82369,78.2,239651,187400,2.74,0.13,0.77,5133,236
39,BUENOS AIRES_EXALTACION DE LA CRUZ,"Exaltacion De La Cruz, Buenos Aires",UNION POR LA PATRIA,2.32,4.69,25.6,33.24,34.15,569,1149,6269,8142,8363,78.58,32428,25483,2.77,0.44,0.67,707,112
40,BUENOS AIRES_EZEIZA,"Ezeiza, Buenos Aires",UNION POR LA PATRIA,3.72,3.04,16.29,29.88,47.08,4084,3339,17902,32832,51731,80.04,142896,114369,3.42,0.07,0.43,3916,75
41,BUENOS AIRES_FLORENCIO VARELA,"Florencio Varela, Buenos Aires",UNION POR LA PATRIA,4.11,2.97,12.68,24.23,56.01,10133,7330,31242,59727,138034,76.51,335691,256830,3.57,0.07,0.4,9167,167
42,BUENOS AIRES_FLORENTINO AMEGHINO,"Florentino Ameghino, Buenos Aires",JUNTOS POR EL CAMBIO,1.17,2.44,34.9,26.62,34.87,73,153,2186,1667,2184,79.42,8150,6473,2.46,0.23,0.56,159,15
43,BUENOS AIRES_GENERAL ALVARADO,"General Alvarado, Buenos Aires",UNION POR LA PATRIA,2.69,3.55,29.67,27.52,36.56,773,1020,8514,7897,10489,77.26,38644,29855,3.02,0.3,0.57,903,89
44,BUENOS AIRES_GENERAL ALVEAR,"General Alvear, Buenos Aires",JUNTOS POR EL CAMBIO,0.73,3.39,35.85,27.95,32.08,50,233,2461,1919,2202,79.8,8985,7170,3.89,0.24,0.13,279,17
45,BUENOS AIRES_GENERAL ARENALES,"General Arenales, Buenos Aires",JUNTOS POR EL CAMBIO,1.02,4.39,33.69,32.52,28.39,118,510,3912,3776,3297,78.66,15317,12049,3.2,0.14,0.27,386,17
46,BUENOS AIRES_GENERAL BELGRANO,"General Belgrano, Buenos Aires",JUNTOS POR EL CAMBIO,1.65,4.27,35.24,26.24,32.6,211,546,4507,3356,4169,79.43,16769,13319,3.53,0.19,0.26,470,25
47,BUENOS AIRES_GENERAL GUIDO,"General Guido, Buenos Aires",UNION POR LA PATRIA,1.08,3.79,33.36,18.12,43.64,24,84,740,402,968,81.83,2900,2373,5.9,0.46,0.17,140,11
48,BUENOS AIRES_GENERAL JUAN MADARIAGA,"General Juan Madariaga, Buenos Aires",JUNTOS POR EL CAMBIO,2.9,5.1,33.22,30.42,28.37,402,707,4604,4216,3932,75.21,19419,14605,4.72,0.16,0.21,690,24
49,BUENOS AIRES_GENERAL LA MADRID,"General La Madrid, Buenos Aires",JUNTOS POR EL CAMBIO,1.68,4.18,32.56,31.94,29.64,113,282,2195,2153,1998,73.52,9835,7231,4.8,0.47,1.51,347,34
50,BUENOS AIRES_GENERAL LAS HERAS,"General Las Heras, Buenos Aires",UNION POR LA PATRIA,2.46,4.2,26.14,25.23,41.97,275,470,2924,2822,4694,81.81,14193,11611,3.13,0.1,0.43,364,12
51,BUENOS AIRES_GENERAL LAVALLE,"General Lavalle, Buenos Aires",JUNTOS POR EL CAMBIO,1.34,2.73,35.57,27.32,33.03,50,102,1328,1020,1233,74.87,5154,3859,2.51,0.16,0.6,97,6
52,BUENOS AIRES_GENERAL PAZ,"General Paz, Buenos Aires",UNION POR LA PATRIA,1.63,2.68,26.57,28.36,40.76,149,245,2429,2593,3726,81.62,11676,9530,3.6,0.24,0.23,343,23
53,BUENOS AIRES_GENERAL PINTO,"General Pinto, Buenos Aires",UNION POR LA PATRIA,1.48,3.12,29.2,26.61,39.6,121,256,2395,2183,3248,83.59,10240,8560,3.5,0.09,0.57,300,8
54,BUENOS AIRES_GENERAL PUEYRREDON,"General Pueyrredon, Buenos Aires",UNION POR LA PATRIA,3.66,4.01,29.88,27.85,34.6,14925,16320,121752,113464,140990,74.26,569289,422740,2.38,0.13,1.1,10077,553
55,BUENOS AIRES_GENERAL RODRIGUEZ,"General Rodriguez, Buenos Aires",UNION POR LA PATRIA,3.2,2.95,18.63,28.69,46.53,2153,1985,12543,19316,31331,75.68,92628,70100,3.44,0.06,0.46,2411,42
56,BUENOS AIRES_GENERAL SAN MARTIN,"General San Martin, Buenos Aires",UNION POR LA PATRIA,3.94,3.32,24.34,24.47,43.92,10200,8584,62941,63294,113590,75.55,351839,265803,1.88,0.13,0.7,4989,357
57,BUENOS AIRES_GENERAL VIAMONTE,"General Viamonte, Buenos Aires",UNION POR LA PATRIA,1.64,4.38,31.08,26.37,36.53,204,545,3871,3284,4549,81.37,15887,12928,3.22,0.19,0.27,416,24
58,BUENOS AIRES_GENERAL VILLEGAS,"General Villegas, Buenos Aires",LA LIBERTAD AVANZA,0.93,7.71,31.19,36.31,23.86,172,1427,5773,6720,4417,76.54,25583,19582,4.72,0.13,0.62,925,26
59,BUENOS AIRES_GUAMINI,"Guamini, Buenos Aires",UNION POR LA PATRIA,1.49,3.45,30.14,27.6,37.33,113,262,2292,2099,2839,78.46,10099,7924,3.77,0.2,0.05,299,16
60,BUENOS AIRES_HIPOLITO YRIGOYEN,"Hipolito Yrigoyen, Buenos Aires",UNION POR LA PATRIA,1.45,4.36,30.65,29.21,34.34,88,265,1865,1777,2089,76.99,8246,6349,3.34,0.25,0.58,212,16
61,BUENOS AIRES_HURLINGHAM,"Hurlingham, Buenos Aires",UNION POR LA PATRIA,4.14,3.26,22.65,24.37,45.59,4978,3920,27228,29293,54804,78.21,157924,123514,1.69,0.19,0.79,2082,233
62,BUENOS AIRES_ITUZAINGO,"Ituzaingo, Buenos Aires",UNION POR LA PATRIA,4.11,3.66,25.79,22.95,43.49,4688,4168,29404,26170,49586,78.95,148066,116896,1.75,0.16,0.55,2050,187
63,BUENOS AIRES_JOSE C. PAZ,"Jose C. Paz, Buenos Aires",UNION POR LA PATRIA,4.18,3.01,14.33,24.98,53.49,7221,5206,24765,43166,92431,78.19,230026,179864,3.26,0.11,0.56,5868,199
64,BUENOS AIRES_JUNIN,"Junin, Buenos Aires",UNION POR LA PATRIA,2.25,6.29,29.29,27.22,34.95,1412,3942,18367,17067,21918,78.9,82066,64749,2.43,0.07,0.65,1576,46
65,BUENOS AIRES_LA COSTA,"La Costa, Buenos Aires",UNION POR LA PATRIA,3.63,4.86,26.1,30.75,34.65,2058,2758,14798,17435,19645,73.72,79454,58575,2.43,0.19,0.59,1422,114
66,BUENOS AIRES_LA MATANZA,"La Matanza, Buenos Aires",UNION POR LA PATRIA,4.42,3.21,16.6,22.56,53.22,35022,25429,131684,178951,422105,78.3,1046923,819709,2.6,0.09,0.55,21273,768
67,BUENOS AIRES_LA PLATA,"La Plata, Buenos Aires",UNION POR LA PATRIA,3.92,3.34,30.15,22.69,39.91,16797,14317,129295,97324,171174,77.76,567583,441362,1.97,0.16,0.69,8685,726
68,BUENOS AIRES_LANUS,"Lanus, Buenos Aires",UNION POR LA PATRIA,4.07,3.08,26.4,20.32,46.14,11609,8784,75390,58031,131751,77.92,377013,293759,2.19,0.12,0.48,6431,346
69,BUENOS AIRES_LAPRIDA,"Laprida, Buenos Aires",UNION POR LA PATRIA,1.51,3.06,28.55,27.27,39.62,113,230,2143,2047,2974,79.74,9883,7881,4.01,0.19,0.55,316,15
70,BUENOS AIRES_LAS FLORES,"Las Flores, Buenos Aires",UNION POR LA PATRIA,2.45,5.64,27.27,29.31,35.34,407,938,4539,4878,5881,77.87,22431,17466,3.93,0.27,0.5,687,48
71,BUENOS AIRES_LEANDRO N. ALEM,"Leandro N. Alem, Buenos Aires",UNION POR LA PATRIA,1.35,4.62,26.51,29.89,37.62,160,547,3136,3536,4450,81.64,15122,12345,3.48,0.14,0.57,429,17
72,BUENOS AIRES_LEZAMA,"Lezama, Buenos Aires",JUNTOS POR EL CAMBIO,1.78,4.17,36.37,27.12,30.57,70,164,1431,1067,1203,83.54,4965,4148,4.68,0.1,0.36,194,4
73,BUENOS AIRES_LINCOLN,"Lincoln, Buenos Aires",JUNTOS POR EL CAMBIO,1.94,5.13,34.02,28.72,30.19,558,1477,9790,8263,8687,77.57,38491,29858,3.05,0.24,0.34,910,71
74,BUENOS AIRES_LOBERIA,"Loberia, Buenos Aires",UNION POR LA PATRIA,1.63,4.57,30.54,29.64,33.62,176,495,3306,3209,3640,76.23,14925,11378,3.68,0.25,0.92,419,28
75,BUENOS AIRES_LOBOS,"Lobos, Buenos Aires",JUNTOS POR EL CAMBIO,2.01,5.53,34.13,28.38,29.96,494,1356,8375,6963,7351,77.38,33027,25555,3.62,0.1,0.25,925,26
76,BUENOS AIRES_LOMAS DE ZAMORA,"Lomas De Zamora, Buenos Aires",UNION POR LA PATRIA,3.98,3.03,21.49,21.71,49.79,15635,11925,84525,85401,195846,78.97,513328,405353,2.13,0.12,0.72,8654,467
77,BUENOS AIRES_LUJAN,"Lujan, Buenos Aires",UNION POR LA PATRIA,3.17,3.63,28.03,27.82,37.35,2254,2580,19909,19762,26535,76.93,95660,73591,2.76,0.05,0.66,2030,36
78,BUENOS AIRES_MAGDALENA,"Magdalena, Buenos Aires",JUNTOS POR EL CAMBIO,2.16,3.76,33.57,27.69,32.8,227,395,3523,2906,3442,70.59,15785,11143,5.32,0.41,0.1,593,46
79,BUENOS AIRES_MAIPU,"Maipu, Buenos Aires",JUNTOS POR EL CAMBIO,1.48,2.88,38.76,23.45,33.43,122,237,3188,1929,2750,83.63,10239,8563,3.29,0.19,0.46,282,16
80,BUENOS AIRES_MALVINAS ARGENTINAS,"Malvinas Argentinas, Buenos Aires",UNION POR LA PATRIA,4.19,3.08,16.15,26.0,50.58,9019,6633,34784,56008,108950,79.29,279614,221705,2.24,0.14,0.47,4977,302
81,BUENOS AIRES_MAR CHIQUITA,"Mar Chiquita, Buenos Aires",UNION POR LA PATRIA,2.98,3.66,25.37,28.31,39.68,687,844,5845,6524,9142,75.76,31556,23906,2.98,0.15,0.49,713,35
82,BUENOS AIRES_MARCOS PAZ,"Marcos Paz, Buenos Aires",UNION POR LA PATRIA,2.76,3.67,17.35,24.52,51.69,1009,1341,6340,8959,18885,78.83,48671,38365,4.09,0.07,0.62,1569,26
83,BUENOS AIRES_MERCEDES,"Mercedes, Buenos Aires",UNION POR LA PATRIA,2.88,3.42,30.25,28.53,34.91,1309,1552,13725,12947,15840,80.38,58248,46817,2.37,0.07,0.65,1108,31
84,BUENOS AIRES_MERLO,"Merlo, Buenos Aires",UNION POR LA PATRIA,4.36,3.12,15.74,24.4,52.38,13432,9629,48504,75188,161408,75.14,426417,320404,3.16,0.12,0.55,10109,369
85,BUENOS AIRES_MONTE,"Monte, Buenos Aires",UNION POR LA PATRIA,2.05,4.96,32.38,27.96,32.65,307,742,4842,4181,4882,77.4,20235,15661,3.82,0.17,0.52,599,26
86,BUENOS AIRES_MONTE HERMOSO,"Monte Hermoso, Buenos Aires",UNION POR LA PATRIA,2.23,3.7,22.38,29.49,42.21,141,234,1417,1867,2672,70.54,9312,6569,2.89,0.2,0.53,190,13
87,BUENOS AIRES_MORENO,"Moreno, Buenos Aires",UNION POR LA PATRIA,4.07,3.05,14.53,25.79,52.55,10816,8105,38583,68498,139547,75.81,362779,275017,2.86,0.09,0.49,7876,255
88,BUENOS AIRES_MORON,"Moron, Buenos Aires",UNION POR LA PATRIA,4.12,3.73,29.15,22.61,40.39,8744,7912,61878,48000,85720,78.21,277895,217328,1.54,0.13,0.67,3337,275
89,BUENOS AIRES_NAVARRO,"Navarro, Buenos Aires",UNION POR LA PATRIA,0.93,4.08,30.76,31.91,32.31,112,489,3686,3824,3872,81.56,15670,12780,5.34,0.22,0.67,683,28
90,BUENOS AIRES_NECOCHEA,"Necochea, Buenos Aires",LA LIBERTAD AVANZA,2.79,5.55,29.92,33.07,28.66,1691,3362,18124,20030,17361,74.07,86795,64290,5.0,0.11,0.68,3212,70
91,BUENOS AIRES_OLAVARRIA,"Olavarria, Buenos Aires",UNION POR LA PATRIA,3.11,6.58,25.73,31.73,32.85,2284,4834,18903,23314,24134,77.42,98239,76057,2.48,0.1,0.82,1890,75
92,BUENOS AIRES_PATAGONES,"Patagones, Buenos Aires",UNION POR LA PATRIA,2.31,4.4,27.12,31.56,34.6,485,922,5685,6616,7253,75.79,28615,21687,2.45,0.16,0.73,532,35
93,BUENOS AIRES_PEHUAJO,"Pehuajo, Buenos Aires",UNION POR LA PATRIA,1.97,4.72,28.94,28.66,35.7,534,1276,7828,7752,9655,78.83,36023,28398,3.73,0.21,0.82,1060,61
94,BUENOS AIRES_PELLEGRINI,"Pellegrini, Buenos Aires",JUNTOS POR EL CAMBIO,0.91,3.58,35.12,32.71,27.68,39,154,1510,1406,1190,86.04,5273,4537,4.47,0.18,0.6,203,8
95,BUENOS AIRES_PERGAMINO,"Pergamino, Buenos Aires",JUNTOS POR EL CAMBIO,1.96,6.12,31.79,30.71,29.42,1352,4220,21934,21187,20299,77.63,91853,71307,2.36,0.05,0.84,1682,34
96,BUENOS AIRES_PILA,"Pila, Buenos Aires",UNION POR LA PATRIA,1.12,3.95,24.93,30.8,39.2,31,109,688,850,1082,80.82,3618,2924,4.82,0.31,0.48,141,9
97,BUENOS AIRES_PILAR,"Pilar, Buenos Aires",UNION POR LA PATRIA,3.16,3.17,20.53,29.87,43.27,6617,6631,42954,62486,90537,78.55,274982,215990,2.37,0.14,0.62,5124,303
98,BUENOS AIRES_PINAMAR,"Pinamar, Buenos Aires",LA LIBERTAD AVANZA,2.61,4.08,28.27,36.25,28.78,551,862,5968,7653,6076,71.9,30263,21758,2.04,0.2,0.74,444,43
99,BUENOS AIRES_PRESIDENTE PERON,"Presidente Peron, Buenos Aires",UNION POR LA PATRIA,3.97,3.03,13.26,26.3,53.44,2037,1555,6803,13499,27430,76.06,70942,53959,3.95,0.07,0.87,2131,37
100,BUENOS AIRES_PUAN,"Puan, Buenos Aires",JUNTOS POR EL CAMBIO,1.93,6.44,36.39,33.84,21.41,201,671,3794,3528,2232,75.37,14365,10827,2.57,0.31,0.82,278,34
101,BUENOS AIRES_PUNTA INDIO,"Punta Indio, Buenos Aires",UNION POR LA PATRIA,2.63,4.15,29.3,28.2,35.72,190,300,2116,2037,2580,73.76,10168,7500,2.97,0.12,0.6,223,9
102,BUENOS AIRES_QUILMES,"Quilmes, Buenos Aires",UNION POR LA PATRIA,3.61,2.76,22.84,22.3,48.49,13171,10075,83457,81488,177161,79.04,476503,376643,2.48,0.13,0.39,9323,485
103,BUENOS AIRES_RAMALLO,"Ramallo, Buenos Aires",UNION POR LA PATRIA,1.66,4.96,26.44,27.98,38.97,391,1168,6229,6592,9182,79.59,30967,24648,4.06,0.02,0.33,1000,5
104,BUENOS AIRES_RAUCH,"Rauch, Buenos Aires",UNION POR LA PATRIA,1.76,5.82,28.8,25.85,37.77,187,619,3061,2748,4015,80.03,14054,11247,5.15,0.22,0.12,579,25
105,BUENOS AIRES_RIVADAVIA,"Rivadavia, Buenos Aires",LA LIBERTAD AVANZA,1.19,3.89,32.75,33.84,28.33,141,459,3867,3996,3346,85.22,14750,12570,5.77,0.12,0.17,725,15
106,BUENOS AIRES_ROJAS,"Rojas, Buenos Aires",JUNTOS POR EL CAMBIO,1.73,7.04,33.71,29.82,27.69,275,1121,5365,4745,4407,79.42,20993,16672,3.72,0.18,0.65,621,30
107,BUENOS AIRES_ROQUE PEREZ,"Roque Perez, Buenos Aires",JUNTOS POR EL CAMBIO,1.48,4.4,34.9,26.58,32.65,132,393,3120,2376,2919,81.94,11448,9381,3.97,0.16,0.58,372,15
108,BUENOS AIRES_SAAVEDRA,"Saavedra, Buenos Aires",LA LIBERTAD AVANZA,1.91,6.59,31.57,36.41,23.52,247,850,4072,4697,3034,75.45,18247,13767,5.22,0.11,0.97,719,15
109,BUENOS AIRES_SALADILLO,"Saladillo, Buenos Aires",LA LIBERTAD AVANZA,1.68,5.08,32.49,32.64,28.11,368,1112,7113,7145,6153,78.65,29207,22971,3.32,0.2,1.19,762,45
110,BUENOS AIRES_SALLIQUELO,"Salliquelo, Buenos Aires",UNION POR LA PATRIA,1.02,4.35,33.58,26.56,34.49,62,264,2038,1612,2093,81.1,7840,6358,3.93,0.19,0.42,250,12
111,BUENOS AIRES_SALTO,"Salto, Buenos Aires",UNION POR LA PATRIA,2.05,6.37,25.89,32.21,33.49,470,1463,5949,7403,7697,78.11,30385,23735,2.9,0.13,0.14,688,31
112,BUENOS AIRES_SAN ANDRES DE GILES,"San Andres De Giles, Buenos Aires",UNION POR LA PATRIA,1.78,6.03,26.82,30.75,34.62,281,952,4231,4851,5462,79.51,20756,16503,4.21,0.09,0.1,694,15
113,BUENOS AIRES_SAN ANTONIO DE ARECO,"San Antonio De Areco, Buenos Aires",JUNTOS POR EL CAMBIO,2.32,4.36,33.36,28.99,30.98,372,700,5359,4658,4977,79.63,20936,16672,2.82,0.16,0.65,470,27
114,BUENOS AIRES_SAN CAYETANO,"San Cayetano, Buenos Aires",JUNTOS POR EL CAMBIO,1.02,4.93,41.64,28.93,23.48,57,276,2330,1619,1314,78.61,7393,5812,3.11,0.29,0.31,181,17
115,BUENOS AIRES_SAN FERNANDO,"San Fernando, Buenos Aires",UNION POR LA PATRIA,3.43,2.9,25.11,24.88,43.69,3530,2989,25862,25623,45000,77.95,135499,105622,2.16,0.06,0.26,2277,67
116,BUENOS AIRES_SAN ISIDRO,"San Isidro, Buenos Aires",JUNTOS POR EL CAMBIO,3.03,3.23,41.76,23.89,28.1,6219,6626,85782,49062,57708,77.09,272358,209970,1.3,0.14,0.73,2740,296
117,BUENOS AIRES_SAN MIGUEL,"San Miguel, Buenos Aires",UNION POR LA PATRIA,3.81,2.97,26.59,25.99,40.64,7081,5514,49453,48338,75578,78.87,243451,192015,2.33,0.12,0.7,4471,238
118,BUENOS AIRES_SAN NICOLAS,"San Nicolas, Buenos Aires",UNION POR LA PATRIA,2.93,5.84,26.97,29.58,34.68,2801,5575,25752,28245,33112,77.7,127826,99325,3.36,0.04,0.47,3336,42
119,BUENOS AIRES_SAN PEDRO,"San Pedro, Buenos Aires",UNION POR LA PATRIA,1.81,6.78,24.15,32.22,35.05,742,2784,9916,13229,14392,79.2,54416,43097,3.97,0.23,0.52,1710,98
120,BUENOS AIRES_SAN VICENTE,"San Vicente, Buenos Aires",UNION POR LA PATRIA,2.86,3.02,17.07,26.05,50.99,1386,1464,8264,12616,24691,77.57,65322,50668,3.63,0.11,0.7,1837,55
121,BUENOS AIRES_SUIPACHA,"Suipacha, Buenos Aires",UNION POR LA PATRIA,1.32,2.97,30.82,26.62,38.28,104,234,2430,2099,3018,83.53,9847,8225,3.62,0.12,0.39,298,10
122,BUENOS AIRES_TANDIL,"Tandil, Buenos Aires",JUNTOS POR EL CAMBIO,2.9,7.05,30.23,30.06,29.76,2478,6019,25805,25659,25405,77.17,114728,88532,2.59,0.04,0.95,2296,33
123,BUENOS AIRES_TAPALQUE,"Tapalque, Buenos Aires",UNION POR LA PATRIA,0.81,3.23,33.26,26.46,36.24,53,211,2173,1729,2368,77.49,8892,6890,4.62,0.32,0.23,318,22
124,BUENOS AIRES_TIGRE,"Tigre, Buenos Aires",UNION POR LA PATRIA,3.87,3.3,24.16,26.96,41.71,9691,8263,60506,67521,104456,78.09,330757,258276,2.18,0.12,0.73,5639,322
125,BUENOS AIRES_TORDILLO,"Tordillo, Buenos Aires",UNION POR LA PATRIA,0.68,1.69,31.07,27.01,39.55,13,32,590,513,751,84.02,2422,2035,5.75,0.29,0.64,117,6
126,BUENOS AIRES_TORNQUIST,"Tornquist, Buenos Aires",LA LIBERTAD AVANZA,2.23,5.99,27.07,34.91,29.8,246,662,2993,3860,3295,72.27,15825,11437,2.68,0.13,0.52,307,15
127,BUENOS AIRES_TRENQUE LAUQUEN,"Trenque Lauquen, Buenos Aires",JUNTOS POR EL CAMBIO,2.06,6.01,32.03,31.28,28.62,618,1799,9594,9368,8571,75.32,41550,31295,3.39,0.14,0.76,1062,44
128,BUENOS AIRES_TRES ARROYOS,"Tres Arroyos, Buenos Aires",UNION POR LA PATRIA,2.6,6.68,27.64,28.8,34.28,1002,2569,10639,11083,13193,75.38,53473,40306,3.57,0.23,0.72,1437,92
129,BUENOS AIRES_TRES DE FEBRERO,"Tres De Febrero, Buenos Aires",UNION POR LA PATRIA,4.18,3.32,27.79,24.02,40.69,8993,7142,59827,51717,87587,77.91,284416,221589,1.99,0.14,0.72,4413,318
130,BUENOS AIRES_TRES LOMAS,"Tres Lomas, Buenos Aires",UNION POR LA PATRIA,1.44,5.21,29.85,28.48,35.02,72,260,1489,1421,1747,78.36,6844,5363,6.3,0.21,0.47,338,11
131,BUENOS AIRES_VICENTE LOPEZ,"Vicente Lopez, Buenos Aires",JUNTOS POR EL CAMBIO,3.41,3.37,43.3,22.01,27.9,5980,5914,75960,38616,48940,77.74,231106,179656,1.43,0.15,0.78,2574,265
132,BUENOS AIRES_VILLA GESELL,"Villa Gesell, Buenos Aires",UNION POR LA PATRIA,2.56,4.68,26.01,29.94,36.81,573,1049,5829,6709,8250,70.9,32669,23161,2.28,0.13,0.83,529,30
133,BUENOS AIRES_VILLARINO,"Villarino, Buenos Aires",LA LIBERTAD AVANZA,1.6,4.23,26.48,45.34,22.35,283,749,4692,8034,3961,77.62,25039,19435,7.43,0.49,0.91,1444,96
134,BUENOS AIRES_ZARATE,"Zarate, Buenos Aires",UNION POR LA PATRIA,2.77,3.57,24.58,27.41,41.67,2062,2652,18271,20380,30980,76.4,101377,77456,3.32,0.11,0.58,2574,86
135,CATAMARCA_AMBATO,"Ambato, Catamarca",UNION POR LA PATRIA,0.74,4.13,17.8,23.27,54.06,27,150,647,846,1965,75.18,5495,4131,11.45,0.34,0.22,473,14
136,CATAMARCA_ANCASTI,"Ancasti, Catamarca",JUNTOS POR EL CAMBIO,1.3,3.42,42.3,11.66,41.32,28,74,914,252,893,75.27,3207,2414,9.44,0.7,0.33,228,17
137,CATAMARCA_ANDALGALA,"Andalgala, Catamarca",UNION POR LA PATRIA,1.4,3.9,24.46,28.1,42.15,154,430,2700,3102,4652,72.79,16365,11912,6.47,0.19,0.67,771,23
138,CATAMARCA_ANTOFAGASTA DE LA SIERRA,"Antofagasta De La Sierra, Catamarca",UNION POR LA PATRIA,1.69,3.58,25.42,33.52,35.78,18,38,270,356,380,72.78,1800,1310,10.69,6.95,1.3,140,91
139,CATAMARCA_BELEN,"Belen, Catamarca",UNION POR LA PATRIA,0.89,3.61,25.17,27.03,43.3,154,627,4366,4689,7512,78.36,24328,19064,8.25,0.22,0.53,1573,42
140,CATAMARCA_CAPAYAN,"Capayan, Catamarca",UNION POR LA PATRIA,1.34,4.04,11.57,28.56,54.49,131,395,1132,2794,5331,69.05,15207,10501,6.09,0.11,0.64,639,12
141,CATAMARCA_CAPITAL,"Capital, Catamarca",UNION POR LA PATRIA,2.22,8.68,16.01,36.13,36.96,2121,8273,15264,34447,35237,70.23,141661,99487,3.07,0.24,0.85,3056,241
142,CATAMARCA_EL ALTO,"El Alto, Catamarca",UNION POR LA PATRIA,0.91,2.68,17.27,17.71,61.44,29,85,548,562,1950,79.88,4343,3469,7.84,0.43,0.23,272,15
143,CATAMARCA_FRAY MAMERTO ESQUIU,"Fray Mamerto Esquiu, Catamarca",UNION POR LA PATRIA,1.22,6.28,17.39,34.76,40.35,90,465,1288,2575,2989,67.45,12235,8253,9.41,0.25,0.58,777,21
144,CATAMARCA_LA PAZ,"La Paz, Catamarca",UNION POR LA PATRIA,0.86,3.95,12.29,23.85,59.05,123,562,1750,3397,8411,71.27,21018,14980,4.25,0.14,0.53,636,21
145,CATAMARCA_PACLIN,"Paclin, Catamarca",UNION POR LA PATRIA,0.85,2.74,18.67,21.92,55.82,30,97,661,776,1976,81.49,4554,3711,3.91,0.4,0.3,145,15
146,CATAMARCA_POMAN,"Poman, Catamarca",UNION POR LA PATRIA,0.64,3.62,12.63,26.61,56.5,44,249,869,1831,3888,80.46,9726,7826,11.16,0.24,0.68,873,19
147,CATAMARCA_SANTA MARIA,"Santa Maria, Catamarca",UNION POR LA PATRIA,1.24,7.07,15.36,38.07,38.25,187,1065,2313,5734,5761,76.57,21483,16449,7.57,0.09,0.78,1246,15
148,CATAMARCA_SANTA ROSA,"Santa Rosa, Catamarca",UNION POR LA PATRIA,0.77,3.12,12.53,27.59,55.99,64,259,1039,2289,4644,78.74,11324,8916,6.27,0.24,0.46,559,21
149,CATAMARCA_TINOGASTA,"Tinogasta, Catamarca",UNION POR LA PATRIA,0.77,4.34,21.37,29.15,44.37,106,598,2941,4012,6106,74.58,19707,14697,5.57,0.23,0.55,819,34
150,CATAMARCA_VALLE VIEJO,"Valle Viejo, Catamarca",UNION POR LA PATRIA,1.8,7.98,16.26,34.47,39.5,360,1600,3258,6908,7917,74.12,28153,20866,2.86,0.19,0.89,597,40
151,CHACO_12 DE OCTUBRE,"12 De Octubre, Chaco",UNION POR LA PATRIA,0.75,3.64,20.57,25.92,49.12,105,509,2876,3623,6866,68.89,20566,14167,0.9,0.02,0.4,128,3
152,CHACO_1° DE MAYO,"1° De Mayo, Chaco",UNION POR LA PATRIA,0.9,2.96,26.19,27.76,42.19,92,302,2674,2835,4308,79.37,13049,10357,1.02,0.14,0.25,106,14
153,CHACO_2 DE ABRIL,"2 De Abril, Chaco",UNION POR LA PATRIA,0.79,3.27,21.79,32.58,41.57,37,154,1026,1534,1957,73.07,6527,4769,0.88,0.08,0.31,42,4
154,CHACO_25 DE MAYO,"25 De Mayo, Chaco",UNION POR LA PATRIA,0.65,3.09,20.11,22.45,53.71,125,595,3870,4320,10337,72.27,27031,19535,1.04,0.08,0.35,203,16
155,CHACO_9 DE JULIO,"9 De Julio, Chaco",UNION POR LA PATRIA,0.68,3.82,23.96,25.91,45.63,120,672,4216,4560,8031,68.34,26169,17885,1.06,0.04,0.49,190,8
156,CHACO_ALMIRANTE BROWN,"Almirante Brown, Chaco",UNION POR LA PATRIA,0.46,2.65,22.74,21.86,52.29,97,560,4796,4611,11031,65.91,32439,21381,0.87,0.04,0.43,186,8
157,CHACO_BERMEJO,"Bermejo, Chaco",UNION POR LA PATRIA,0.72,2.06,22.03,20.09,55.1,130,375,4003,3651,10013,72.52,25433,18445,1.11,0.08,0.29,205,14
158,CHACO_CHACABUCO,"Chacabuco, Chaco",UNION POR LA PATRIA,0.76,4.99,32.1,27.18,34.97,156,1030,6622,5607,7214,72.35,28932,20932,0.96,0.05,0.44,201,10
159,CHACO_COMANDANTE FERNANDEZ,"Comandante Fernandez, Chaco",UNION POR LA PATRIA,0.75,4.9,26.05,32.22,36.08,468,3044,16180,20013,22407,71.88,88122,63343,1.32,0.04,0.58,838,25
160,CHACO_FRAY JUSTO SANTA MARIA DE ORO,"Fray Justo Santa Maria De Oro, Chaco",UNION POR LA PATRIA,0.56,3.66,28.35,26.94,40.48,38,247,1911,1816,2729,65.74,10358,6809,0.72,0.01,0.26,49,1
161,CHACO_GENERAL BELGRANO,"General Belgrano, Chaco",UNION POR LA PATRIA,0.5,2.48,14.91,21.05,61.07,36,180,1083,1529,4437,66.9,11027,7377,1.29,0.01,0.22,95,1
162,CHACO_GENERAL DONOVAN,"General Donovan, Chaco",UNION POR LA PATRIA,0.76,2.99,22.31,27.56,46.38,78,308,2297,2838,4775,76.53,13667,10459,1.1,0.0,0.46,115,0
163,CHACO_GENERAL GUEMES,"General Guemes, Chaco",UNION POR LA PATRIA,0.4,2.33,19.41,21.17,56.69,187,1075,8967,9779,26190,62.33,75517,47071,1.08,0.28,0.5,507,130
164,CHACO_INDEPENDENCIA,"Independencia, Chaco",UNION POR LA PATRIA,0.44,2.25,15.58,25.94,55.79,57,293,2026,3372,7253,65.01,20453,13297,1.95,0.05,0.23,259,6
165,CHACO_LIBERTAD,"Libertad, Chaco",UNION POR LA PATRIA,0.79,2.56,27.61,28.93,40.11,78,254,2741,2872,3982,78.1,12933,10101,1.38,0.01,0.34,139,1
166,CHACO_LIBERTADOR GENERAL SAN MARTIN,"Libertador General San Martin, Chaco",UNION POR LA PATRIA,0.92,2.15,20.91,22.83,53.19,373,867,8441,9213,21467,73.43,55812,40981,0.99,0.06,0.46,406,25
167,CHACO_MAIPU,"Maipu, Chaco",UNION POR LA PATRIA,0.8,2.87,19.91,26.61,49.82,117,420,2915,3897,7295,66.64,22327,14878,1.41,0.04,0.12,210,6
168,CHACO_MAYOR LUIS J. FONTANA,"Mayor Luis J. Fontana, Chaco",UNION POR LA PATRIA,0.97,5.94,21.02,30.33,41.74,361,2213,7833,11299,15552,71.69,52973,37975,1.39,0.08,0.42,528,30
169,CHACO_O'HIGGINS,"O'Higgins, Chaco",UNION POR LA PATRIA,0.51,3.09,14.0,25.27,57.13,67,405,1835,3313,7489,70.13,18982,13312,1.21,0.07,0.25,161,9
170,CHACO_PRESIDENCIA DE LA PLAZA,"Presidencia De La Plaza, Chaco",UNION POR LA PATRIA,0.46,2.9,24.28,23.17,49.18,37,231,1932,1844,3914,71.77,11300,8110,1.27,0.04,0.57,103,3
171,CHACO_QUITILIPI,"Quitilipi, Chaco",UNION POR LA PATRIA,0.34,3.75,25.05,27.43,43.43,68,752,5021,5498,8706,67.94,29999,20381,1.29,0.04,0.31,263,9
172,CHACO_SAN FERNANDO,"San Fernando, Chaco",UNION POR LA PATRIA,0.92,3.94,26.73,31.04,37.37,2508,10778,73064,84828,102150,76.76,363354,278907,0.98,0.3,0.73,2721,828
173,CHACO_SAN LORENZO,"San Lorenzo, Chaco",UNION POR LA PATRIA,0.82,2.57,17.85,20.34,58.42,80,250,1738,1981,5689,71.62,13868,9932,1.59,0.04,0.32,158,4
174,CHACO_SARGENTO CABRAL,"Sargento Cabral, Chaco",UNION POR LA PATRIA,0.52,2.03,26.19,19.43,51.82,62,240,3094,2296,6123,74.87,15976,11962,1.04,0.06,0.13,125,7
175,CHACO_TAPENAGA,"Tapenaga, Chaco",UNION POR LA PATRIA,0.23,2.31,27.5,21.58,48.38,5,50,595,467,1047,67.07,3280,2200,1.0,0.14,0.5,22,3
176,CHUBUT_BIEDMA,"Biedma, Chubut",LA LIBERTAD AVANZA,4.95,7.66,17.43,39.62,30.33,2873,4440,10109,22973,17589,76.63,77871,59674,0.97,0.08,1.77,581,50
177,CHUBUT_CUSHAMEN,"Cushamen, Chubut",UNION POR LA PATRIA,5.23,4.5,18.45,25.26,46.56,929,800,3279,4488,8274,72.98,25257,18433,1.67,0.04,1.88,308,8
178,CHUBUT_ESCALANTE,"Escalante, Chubut",LA LIBERTAD AVANZA,3.84,7.4,20.68,35.46,32.62,4694,9047,25295,43371,39886,74.78,168174,125762,1.15,0.18,1.42,1447,230
179,CHUBUT_FLORENTINO AMEGHINO,"Florentino Ameghino, Chubut",LA LIBERTAD AVANZA,3.2,7.02,14.55,41.9,33.33,31,68,141,406,323,64.93,1520,987,1.22,0.0,0.61,12,0
180,CHUBUT_FUTALEUFU,"Futaleufu, Chubut",UNION POR LA PATRIA,4.85,8.01,23.0,30.88,33.26,1427,2356,6769,9087,9789,72.71,41937,30492,1.92,0.06,1.51,586,18
181,CHUBUT_GAIMAN,"Gaiman, Chubut",LA LIBERTAD AVANZA,3.52,7.05,23.05,39.22,27.15,274,549,1795,3054,2114,75.11,10641,7992,1.23,0.1,1.25,98,8
182,CHUBUT_GASTRE,"Gastre, Chubut",UNION POR LA PATRIA,2.94,6.8,14.34,34.74,41.18,16,37,78,189,224,50.0,1132,566,1.77,0.0,2.12,10,0
183,CHUBUT_LANGUIÑEO,"Languiñeo, Chubut",UNION POR LA PATRIA,3.61,7.1,18.33,29.57,41.4,61,120,310,500,700,64.31,2740,1762,2.67,0.0,1.36,47,0
184,CHUBUT_MARTIRES,"Martires, Chubut",LA LIBERTAD AVANZA,1.89,7.55,20.22,35.85,34.5,7,28,75,133,128,58.11,647,376,0.53,0.0,0.8,2,0
185,CHUBUT_PASO DE INDIOS,"Paso De Indios, Chubut",UNION POR LA PATRIA,1.52,4.86,22.7,30.5,40.43,15,48,224,301,399,61.13,1639,1002,1.0,0.0,0.5,10,0
186,CHUBUT_RAWSON,"Rawson, Chubut",LA LIBERTAD AVANZA,4.91,9.25,21.89,34.39,29.56,4354,8200,19405,30486,26207,75.79,120357,91213,1.17,0.08,1.56,1067,71
187,CHUBUT_RIO SENGUER,"Rio Senguer, Chubut",UNION POR LA PATRIA,2.7,3.87,25.12,30.5,37.81,88,126,818,993,1231,65.65,5261,3454,4.83,0.06,0.84,167,2
188,CHUBUT_SARMIENTO,"Sarmiento, Chubut",LA LIBERTAD AVANZA,2.88,6.63,19.04,40.34,31.12,223,513,1474,3123,2409,72.32,10999,7954,1.22,0.1,1.35,97,8
189,CHUBUT_TEHUELCHES,"Tehuelches, Chubut",UNION POR LA PATRIA,2.81,4.86,23.59,29.95,38.78,92,159,772,980,1269,66.16,5103,3376,1.75,0.03,1.3,59,1
190,CHUBUT_TELSEN,"Telsen, Chubut",UNION POR LA PATRIA,4.96,8.36,22.58,27.81,36.29,38,64,173,213,278,54.95,1423,782,1.41,0.0,0.64,11,0
191,CIUDAD AUTONOMA DE BUENOS AIRES_COMUNA 1,"Comuna 1, Ciudad Autonoma De Buenos Aires",JUNTOS POR EL CAMBIO,3.39,2.75,39.13,21.84,32.89,3981,3230,45975,25657,38645,68.81,176202,121250,2.03,0.29,0.78,2456,357
192,CIUDAD AUTONOMA DE BUENOS AIRES_COMUNA 10,"Comuna 10, Ciudad Autonoma De Buenos Aires",JUNTOS POR EL CAMBIO,4.24,3.74,37.69,20.7,33.63,4719,4164,41986,23062,37457,77.8,147067,114417,1.67,0.11,0.86,1915,126
193,CIUDAD AUTONOMA DE BUENOS AIRES_COMUNA 11,"Comuna 11, Ciudad Autonoma De Buenos Aires",JUNTOS POR EL CAMBIO,3.84,3.48,41.57,19.63,31.48,5061,4588,54758,25858,41468,78.95,171256,135206,1.62,0.08,0.87,2191,109
194,CIUDAD AUTONOMA DE BUENOS AIRES_COMUNA 12,"Comuna 12, Ciudad Autonoma De Buenos Aires",JUNTOS POR EL CAMBIO,3.58,3.38,43.68,18.47,30.89,5307,5013,64831,27422,45856,79.69,190819,152072,1.49,0.11,0.8,2263,169
195,CIUDAD AUTONOMA DE BUENOS AIRES_COMUNA 13,"Comuna 13, Ciudad Autonoma De Buenos Aires",JUNTOS POR EL CAMBIO,2.42,2.69,54.34,17.2,23.35,3887,4321,87321,27643,37526,75.88,216549,164311,1.45,0.12,0.63,2390,189
196,CIUDAD AUTONOMA DE BUENOS AIRES_COMUNA 14,"Comuna 14, Ciudad Autonoma De Buenos Aires",JUNTOS POR EL CAMBIO,2.42,2.42,54.12,17.33,23.71,3613,3621,80939,25920,35459,73.72,207012,152605,1.24,0.18,0.58,1894,270
197,CIUDAD AUTONOMA DE BUENOS AIRES_COMUNA 15,"Comuna 15, Ciudad Autonoma De Buenos Aires",UNION POR LA PATRIA,3.92,3.29,37.42,17.44,37.93,4760,3996,45464,21184,46077,76.32,163575,124840,1.72,0.09,0.88,2148,116
198,CIUDAD AUTONOMA DE BUENOS AIRES_COMUNA 2,"Comuna 2, Ciudad Autonoma De Buenos Aires",JUNTOS POR EL CAMBIO,1.95,2.29,58.02,18.19,19.56,1912,2250,57022,17875,19225,72.75,137779,100235,1.24,0.13,0.58,1244,126
199,CIUDAD AUTONOMA DE BUENOS AIRES_COMUNA 3,"Comuna 3, Ciudad Autonoma De Buenos Aires",JUNTOS POR EL CAMBIO,4.17,3.07,35.66,21.51,35.59,4571,3362,39075,23562,38993,72.53,155066,112465,1.6,0.06,0.92,1798,66
200,CIUDAD AUTONOMA DE BUENOS AIRES_COMUNA 4,"Comuna 4, Ciudad Autonoma De Buenos Aires",UNION POR LA PATRIA,4.29,3.23,30.68,22.33,39.47,5586,4211,39963,29077,51401,74.5,180576,134521,2.02,0.14,1.03,2712,187
201,CIUDAD AUTONOMA DE BUENOS AIRES_COMUNA 5,"Comuna 5, Ciudad Autonoma De Buenos Aires",JUNTOS POR EL CAMBIO,4.19,3.2,37.67,17.93,37.01,4814,3675,43259,20595,42504,76.7,153414,117662,1.58,0.07,0.74,1860,88
202,CIUDAD AUTONOMA DE BUENOS AIRES_COMUNA 6,"Comuna 6, Ciudad Autonoma De Buenos Aires",JUNTOS POR EL CAMBIO,3.45,3.03,44.96,16.42,32.14,4208,3698,54873,20043,39230,78.34,159176,124701,1.35,0.11,0.66,1687,137
203,CIUDAD AUTONOMA DE BUENOS AIRES_COMUNA 7,"Comuna 7, Ciudad Autonoma De Buenos Aires",JUNTOS POR EL CAMBIO,3.73,3.22,37.18,21.6,34.26,4863,4193,48420,28137,44622,76.87,174167,133889,1.8,0.13,0.8,2410,172
204,CIUDAD AUTONOMA DE BUENOS AIRES_COMUNA 8,"Comuna 8, Ciudad Autonoma De Buenos Aires",UNION POR LA PATRIA,4.1,3.1,24.93,26.63,41.25,4285,3238,26068,27845,43136,74.44,146694,109192,3.01,0.1,1.12,3289,106
205,CIUDAD AUTONOMA DE BUENOS AIRES_COMUNA 9,"Comuna 9, Ciudad Autonoma De Buenos Aires",UNION POR LA PATRIA,4.13,3.65,33.76,23.05,35.4,4578,4047,37413,25544,39233,77.42,147324,114065,1.8,0.14,0.91,2054,160
206,CORDOBA_CALAMUCHITA,"Calamuchita, Cordoba",LA LIBERTAD AVANZA,1.53,30.4,20.93,31.85,15.29,707,14038,9668,14708,7061,75.35,62570,47144,0.9,0.01,1.13,424,4
207,CORDOBA_CAPITAL,"Capital, Cordoba",LA LIBERTAD AVANZA,1.65,29.52,23.8,32.41,12.63,14031,250854,202260,275445,107327,76.44,1130798,864343,0.79,0.04,0.85,6812,305
208,CORDOBA_COLON,"Colon, Cordoba",LA LIBERTAD AVANZA,1.49,28.27,22.59,35.48,12.16,2858,54238,43337,68074,23333,77.44,251972,195119,0.76,0.02,0.9,1482,48
209,CORDOBA_CRUZ DEL EJE,"Cruz Del Eje, Cordoba",HACEMOS POR NUESTRO PAIS,1.17,31.8,16.1,23.48,27.45,445,12113,6133,8945,10456,71.96,53688,38636,0.7,0.05,0.65,272,19
210,CORDOBA_GENERAL ROCA,"General Roca, Cordoba",LA LIBERTAD AVANZA,0.89,25.26,23.68,37.59,12.58,189,5364,5028,7983,2671,72.86,29488,21484,0.74,0.03,0.38,160,7
211,CORDOBA_GENERAL SAN MARTIN,"General San Martin, Cordoba",LA LIBERTAD AVANZA,1.31,26.32,22.54,32.97,16.86,1198,24002,20551,30064,15371,76.26,121255,92472,0.7,0.04,0.66,646,33
212,CORDOBA_ISCHILIN,"Ischilin, Cordoba",HACEMOS POR NUESTRO PAIS,1.07,34.72,15.56,31.55,17.11,239,7739,3468,7032,3813,75.52,29902,22582,0.59,0.05,0.64,134,12
213,CORDOBA_JUAREZ CELMAN,"Juarez Celman, Cordoba",LA LIBERTAD AVANZA,1.03,28.74,19.78,39.19,11.26,436,12171,8377,16599,4768,77.09,55796,43012,0.85,0.01,0.67,366,5
214,CORDOBA_MARCOS JUAREZ,"Marcos Juarez, Cordoba",LA LIBERTAD AVANZA,1.01,23.9,26.64,34.9,13.54,691,16296,18171,23803,9236,77.22,89691,69259,1.01,0.02,0.5,699,15
215,CORDOBA_MINAS,"Minas, Cordoba",HACEMOS POR NUESTRO PAIS,0.64,44.76,16.4,20.28,17.92,21,1479,542,670,592,65.06,5155,3354,0.86,0.12,0.51,29,4
216,CORDOBA_POCHO,"Pocho, Cordoba",HACEMOS POR NUESTRO PAIS,0.83,39.07,23.7,22.48,13.92,27,1274,773,733,454,67.16,4891,3285,0.58,0.0,0.15,19,0
217,CORDOBA_PRESIDENTE ROQUE SAENZ PEÑA,"Presidente Roque Saenz Peña, Cordoba",LA LIBERTAD AVANZA,0.95,27.87,25.32,33.3,12.56,223,6522,5926,7793,2940,75.05,31603,23719,0.72,0.0,0.6,171,1
218,CORDOBA_PUNILLA,"Punilla, Cordoba",LA LIBERTAD AVANZA,1.79,27.87,22.56,32.72,15.07,2468,38419,31101,45116,20771,74.14,189556,140528,0.74,0.05,1.1,1034,68
219,CORDOBA_RIO CUARTO,"Rio Cuarto, Cordoba",LA LIBERTAD AVANZA,1.21,27.95,21.81,35.56,13.47,2018,46613,36379,59306,22474,76.35,222088,169564,0.69,0.01,0.94,1171,10
220,CORDOBA_RIO PRIMERO,"Rio Primero, Cordoba",LA LIBERTAD AVANZA,0.71,29.57,21.57,37.62,10.54,242,10129,7389,12889,3611,78.69,44127,34725,0.66,0.13,0.55,229,45
221,CORDOBA_RIO SECO,"Rio Seco, Cordoba",HACEMOS POR NUESTRO PAIS,0.78,33.48,19.78,30.59,15.37,72,3079,1819,2813,1414,67.12,13898,9329,1.0,0.03,0.39,93,3
222,CORDOBA_RIO SEGUNDO,"Rio Segundo, Cordoba",LA LIBERTAD AVANZA,0.9,29.9,22.72,37.0,9.49,668,22308,16950,27605,7078,79.69,94933,75653,0.68,0.02,0.68,515,14
223,CORDOBA_SAN ALBERTO,"San Alberto, Cordoba",HACEMOS POR NUESTRO PAIS,1.79,35.3,16.47,30.08,16.36,513,10097,4710,8604,4679,74.91,38790,29056,0.74,0.03,0.8,214,8
224,CORDOBA_SAN JAVIER,"San Javier, Cordoba",LA LIBERTAD AVANZA,1.94,25.67,17.64,31.88,22.87,764,10096,6935,12536,8994,74.46,53705,39991,0.76,0.02,0.89,303,7
225,CORDOBA_SAN JUSTO,"San Justo, Cordoba",LA LIBERTAD AVANZA,0.91,30.38,21.12,35.59,12.0,1296,43321,30115,50740,17110,76.08,190194,144697,0.65,0.11,0.7,936,159
226,CORDOBA_SANTA MARIA,"Santa Maria, Cordoba",LA LIBERTAD AVANZA,1.32,31.52,20.87,34.06,12.24,1135,27192,18002,29387,10561,77.76,112997,87864,0.8,0.02,0.99,702,17
227,CORDOBA_SOBREMONTE,"Sobremonte, Cordoba",HACEMOS POR NUESTRO PAIS,0.67,38.55,33.71,16.54,10.54,20,1156,1011,496,316,69.39,4361,3026,0.69,0.0,0.2,21,0
228,CORDOBA_TERCERO ARRIBA,"Tercero Arriba, Cordoba",LA LIBERTAD AVANZA,0.95,30.91,22.98,33.43,11.73,733,23892,17762,25833,9063,77.44,101205,78378,0.76,0.0,0.64,593,2
229,CORDOBA_TOTORAL,"Totoral, Cordoba",LA LIBERTAD AVANZA,0.58,26.77,25.64,36.04,10.97,84,3868,3704,5207,1585,77.74,18824,14633,0.81,0.01,0.44,119,2
230,CORDOBA_TULUMBA,"Tulumba, Cordoba",HACEMOS POR NUESTRO PAIS,0.75,36.96,21.35,28.07,12.86,67,3293,1902,2501,1146,69.89,12884,9005,0.7,0.0,0.37,63,0
231,CORDOBA_UNION,"Union, Cordoba",LA LIBERTAD AVANZA,1.07,22.99,24.52,35.51,15.92,750,16164,17239,24965,11192,73.92,96572,71390,0.9,0.02,0.59,645,12
232,CORRIENTES_BELLA VISTA,"Bella Vista, Corrientes",UNION POR LA PATRIA,0.91,3.42,27.55,24.62,43.51,238,892,7192,6427,11359,79.11,33475,26483,0.74,0.02,0.65,196,6
233,CORRIENTES_BERON DE ASTRADA,"Beron De Astrada, Corrientes",JUNTOS POR EL CAMBIO,0.59,1.63,41.83,23.71,32.23,12,33,845,479,651,75.21,2739,2060,0.49,0.39,1.07,10,8
234,CORRIENTES_CAPITAL,"Capital, Corrientes",JUNTOS POR EL CAMBIO,1.38,2.61,36.23,32.26,27.53,3317,6272,87094,77547,66176,79.15,310286,245590,0.84,0.16,1.11,2068,390
235,CORRIENTES_CONCEPCION,"Concepcion, Corrientes",UNION POR LA PATRIA,0.82,1.89,29.09,21.73,46.48,122,282,4342,3244,6938,78.31,19448,15229,1.12,0.03,0.83,170,4
236,CORRIENTES_CURUZU CUATIA,"Curuzu Cuatia, Corrientes",UNION POR LA PATRIA,1.1,4.22,28.92,24.98,40.78,317,1211,8297,7167,11700,73.72,39753,29305,0.99,0.05,1.05,291,14
237,CORRIENTES_EMPEDRADO,"Empedrado, Corrientes",UNION POR LA PATRIA,0.96,2.07,33.09,24.06,39.82,109,235,3753,2729,4516,77.35,14965,11576,0.92,0.05,1.05,106,6
238,CORRIENTES_ESQUINA,"Esquina, Corrientes",UNION POR LA PATRIA,0.56,3.37,24.09,21.66,50.32,124,741,5302,4769,11077,68.12,33153,22585,0.89,0.82,0.83,200,185
239,CORRIENTES_GENERAL ALVEAR,"General Alvear, Corrientes",UNION POR LA PATRIA,0.52,2.24,35.85,19.81,41.59,26,111,1779,983,2064,69.55,7261,5050,0.61,0.06,1.05,31,3
240,CORRIENTES_GENERAL PAZ,"General Paz, Corrientes",UNION POR LA PATRIA,0.72,1.73,37.0,19.26,41.3,80,193,4132,2151,4613,76.5,14805,11326,0.72,0.08,0.58,82,9
241,CORRIENTES_GOYA,"Goya, Corrientes",UNION POR LA PATRIA,0.96,3.11,28.26,20.25,47.42,591,1923,17451,12506,29289,78.41,80246,62920,0.88,0.05,0.91,553,33
242,CORRIENTES_ITATI,"Itati, Corrientes",JUNTOS POR EL CAMBIO,0.43,1.29,42.43,21.06,34.78,31,92,3028,1503,2482,69.42,10387,7211,0.55,0.04,0.44,40,3
243,CORRIENTES_ITUZAINGO,"Ituzaingo, Corrientes",JUNTOS POR EL CAMBIO,0.9,2.73,34.66,30.0,31.71,249,755,9595,8305,8779,71.32,39556,28212,0.87,0.05,0.95,246,14
244,CORRIENTES_LAVALLE,"Lavalle, Corrientes",UNION POR LA PATRIA,0.56,1.97,24.27,19.4,53.81,119,418,5158,4123,11437,77.18,28410,21926,2.3,0.05,0.71,505,11
245,CORRIENTES_MBURUCUYA,"Mburucuya, Corrientes",UNION POR LA PATRIA,0.66,1.27,32.58,15.41,50.08,48,92,2363,1118,3632,78.57,9386,7375,0.96,0.01,0.68,71,1
246,CORRIENTES_MERCEDES,"Mercedes, Corrientes",UNION POR LA PATRIA,0.93,3.83,27.66,28.55,39.03,263,1088,7863,8116,11095,76.9,38414,29539,2.67,0.17,0.93,789,49
247,CORRIENTES_MONTE CASEROS,"Monte Caseros, Corrientes",UNION POR LA PATRIA,1.1,3.61,26.37,29.68,39.23,279,912,6657,7495,9906,76.81,33424,25672,0.87,0.04,0.73,224,11
248,CORRIENTES_PASO DE LOS LIBRES,"Paso De Los Libres, Corrientes",UNION POR LA PATRIA,0.97,2.93,26.86,25.14,44.11,312,945,8666,8111,14235,69.98,47361,33144,1.73,0.04,0.87,574,13
249,CORRIENTES_SALADAS,"Saladas, Corrientes",UNION POR LA PATRIA,0.69,1.64,31.2,20.21,46.25,114,269,5120,3317,7590,80.92,20628,16693,0.81,0.1,0.78,136,17
250,CORRIENTES_SAN COSME,"San Cosme, Corrientes",JUNTOS POR EL CAMBIO,0.93,1.97,44.75,30.1,22.25,168,357,8121,5462,4038,74.8,24552,18365,0.4,0.05,0.75,73,9
251,CORRIENTES_SAN LUIS DEL PALMAR,"San Luis Del Palmar, Corrientes",JUNTOS POR EL CAMBIO,0.8,1.76,40.07,20.87,36.5,115,255,5790,3015,5274,80.89,18189,14713,0.84,0.09,0.86,124,13
252,CORRIENTES_SAN MARTIN,"San Martin, Corrientes",UNION POR LA PATRIA,0.92,1.89,35.75,21.88,39.57,81,166,3145,1925,3481,73.45,12190,8954,1.28,0.06,0.4,115,5
253,CORRIENTES_SAN MIGUEL,"San Miguel, Corrientes",UNION POR LA PATRIA,0.64,1.43,23.78,16.25,57.9,51,113,1883,1287,4586,80.16,10081,8081,1.01,0.04,0.94,82,3
254,CORRIENTES_SAN ROQUE,"San Roque, Corrientes",UNION POR LA PATRIA,0.62,1.3,27.45,17.51,53.11,87,182,3837,2448,7423,77.21,18582,14347,1.76,0.09,0.72,253,13
255,CORRIENTES_SANTO TOME,"Santo Tome, Corrientes",UNION POR LA PATRIA,1.04,3.32,28.02,31.32,36.29,423,1358,11446,12794,14822,77.3,54694,42280,2.08,0.12,1.2,878,51
256,CORRIENTES_SAUCE,"Sauce, Corrientes",UNION POR LA PATRIA,0.68,3.92,29.15,15.72,50.53,39,223,1660,895,2877,70.58,8227,5807,1.07,0.07,0.81,62,4
257,ENTRE RIOS_COLON,"Colon, Entre Rios",LA LIBERTAD AVANZA,1.8,7.07,29.4,31.75,29.98,775,3046,12670,13681,12917,75.72,60162,45556,4.24,0.21,0.96,1933,96
258,ENTRE RIOS_CONCORDIA,"Concordia, Entre Rios",UNION POR LA PATRIA,1.66,4.68,26.24,29.07,38.34,1800,5065,28380,31451,41478,76.07,149398,113650,3.63,0.11,1.08,4123,127
259,ENTRE RIOS_DIAMANTE,"Diamante, Entre Rios",LA LIBERTAD AVANZA,1.05,6.37,32.41,33.69,26.47,321,1944,9894,10284,8081,74.26,43511,32312,4.42,0.13,0.99,1428,41
260,ENTRE RIOS_FEDERACION,"Federacion, Entre Rios",JUNTOS POR EL CAMBIO,1.23,3.39,34.63,32.23,28.53,609,1683,17198,16004,14166,82.35,64022,52723,4.66,0.15,1.01,2455,78
261,ENTRE RIOS_FEDERAL,"Federal, Entre Rios",UNION POR LA PATRIA,0.68,3.01,28.66,24.78,42.87,123,546,5199,4494,7777,78.9,24431,19277,4.95,0.24,0.71,955,47
262,ENTRE RIOS_FELICIANO,"Feliciano, Entre Rios",UNION POR LA PATRIA,0.75,2.88,27.92,21.73,46.71,76,294,2846,2215,4761,78.19,13834,10817,4.67,0.28,0.83,505,30
263,ENTRE RIOS_GUALEGUAY,"Gualeguay, Entre Rios",LA LIBERTAD AVANZA,1.62,5.83,31.22,33.24,28.08,555,1993,10665,11355,9594,76.18,48494,36944,6.53,0.12,0.87,2413,46
264,ENTRE RIOS_GUALEGUAYCHU,"Gualeguaychu, Entre Rios",JUNTOS POR EL CAMBIO,1.73,4.89,32.52,31.16,29.7,1342,3787,25177,24122,22989,78.51,103113,80958,3.26,0.13,0.98,2639,107
265,ENTRE RIOS_ISLAS DEL IBICUY,"Islas Del Ibicuy, Entre Rios",UNION POR LA PATRIA,0.46,2.17,32.51,24.63,40.23,39,183,2736,2073,3386,71.99,12451,8963,4.72,0.08,1.29,423,7
266,ENTRE RIOS_LA PAZ,"La Paz, Entre Rios",UNION POR LA PATRIA,1.0,3.97,27.99,23.11,43.94,441,1756,12375,10217,19430,76.8,61153,46964,4.7,0.14,1.0,2209,65
267,ENTRE RIOS_NOGOYA,"Nogoya, Entre Rios",UNION POR LA PATRIA,1.38,5.61,30.01,31.28,31.72,330,1343,7179,7483,7590,75.41,34847,26277,8.14,0.2,0.61,2139,52
268,ENTRE RIOS_PARANA,"Parana, Entre Rios",UNION POR LA PATRIA,1.67,6.09,31.03,29.45,31.76,3890,14186,72251,68589,73946,76.68,318471,244194,3.53,0.11,1.0,8613,272
269,ENTRE RIOS_SAN SALVADOR,"San Salvador, Entre Rios",UNION POR LA PATRIA,0.86,5.09,30.39,31.09,32.57,107,630,3762,3849,4032,79.38,17208,13659,8.33,0.21,0.82,1138,29
270,ENTRE RIOS_TALA,"Tala, Entre Rios",UNION POR LA PATRIA,1.26,4.92,31.81,28.56,33.46,224,873,5647,5070,5941,76.83,24724,18995,5.59,0.12,0.82,1062,22
271,ENTRE RIOS_URUGUAY,"Uruguay, Entre Rios",UNION POR LA PATRIA,2.17,6.3,29.29,29.72,32.52,1479,4299,19975,20271,22179,76.81,92885,71349,3.17,0.24,1.0,2262,172
272,ENTRE RIOS_VICTORIA,"Victoria, Entre Rios",LA LIBERTAD AVANZA,1.17,7.24,26.08,33.46,32.07,268,1662,5989,7684,7365,75.8,33117,25104,7.27,0.47,0.77,1825,117
273,ENTRE RIOS_VILLAGUAY,"Villaguay, Entre Rios",UNION POR LA PATRIA,1.25,4.7,28.19,28.94,36.91,381,1430,8569,8798,11218,73.16,43619,31911,3.85,0.18,0.72,1230,56
274,FORMOSA_BERMEJO,"Bermejo, Formosa",UNION POR LA PATRIA,0.31,0.99,10.18,18.9,69.61,30,95,974,1808,6660,71.47,13567,9697,1.09,0.1,0.14,106,10
275,FORMOSA_FORMOSA,"Formosa, Formosa",UNION POR LA PATRIA,1.02,3.48,17.68,35.53,42.29,1614,5531,28113,56494,67231,77.41,209699,162328,1.32,0.04,0.7,2140,69
276,FORMOSA_LAISHI,"Laishi, Formosa",UNION POR LA PATRIA,0.51,1.78,12.93,27.63,57.15,66,232,1685,3602,7450,77.58,17107,13272,1.36,0.05,0.38,180,6
277,FORMOSA_MATACOS,"Matacos, Formosa",UNION POR LA PATRIA,0.36,1.44,6.84,21.32,70.04,36,143,678,2113,6942,74.13,13585,10071,1.12,0.08,0.38,113,8
278,FORMOSA_PATIÑO,"Patiño, Formosa",UNION POR LA PATRIA,0.52,1.31,14.07,23.47,60.64,243,609,6554,10931,28246,73.17,64841,47443,1.22,0.18,0.41,578,87
279,FORMOSA_PILAGAS,"Pilagas, Formosa",UNION POR LA PATRIA,0.74,1.23,9.57,22.81,65.64,95,158,1225,2920,8402,76.58,16989,13011,1.12,0.08,0.42,146,11
280,FORMOSA_PILCOMAYO,"Pilcomayo, Formosa",UNION POR LA PATRIA,0.64,1.92,13.99,25.36,58.09,359,1086,7895,14313,32787,74.67,76951,57457,1.21,0.07,0.49,696,38
281,FORMOSA_PIRANE,"Pirane, Formosa",UNION POR LA PATRIA,0.73,2.11,17.21,25.56,54.4,304,879,7161,10637,22640,74.73,56862,42492,1.46,0.05,0.54,620,23
282,FORMOSA_RAMON LISTA,"Ramon Lista, Formosa",UNION POR LA PATRIA,0.28,0.68,9.16,12.33,77.54,25,60,812,1093,6871,70.08,12819,8984,1.07,0.14,0.16,96,13
283,JUJUY_COCHINOCA,"Cochinoca, Jujuy",UNION POR LA PATRIA,9.99,8.11,10.61,35.03,36.25,813,660,863,2850,2949,75.25,11195,8424,1.86,0.13,1.44,157,11
284,JUJUY_DOCTOR MANUEL BELGRANO,"Doctor Manuel Belgrano, Jujuy",LA LIBERTAD AVANZA,3.68,7.7,22.64,39.05,26.94,6453,13505,39727,68530,47278,78.36,229790,180071,1.41,0.07,1.07,2531,121
285,JUJUY_EL CARMEN,"El Carmen, Jujuy",LA LIBERTAD AVANZA,2.68,5.89,18.9,45.53,26.99,1818,3996,12815,30873,18304,82.16,84236,69205,1.11,0.09,0.82,765,64
286,JUJUY_HUMAHUACA,"Humahuaca, Jujuy",UNION POR LA PATRIA,8.61,9.43,11.34,32.08,38.55,948,1038,1248,3532,4244,77.2,14728,11370,1.58,0.12,1.46,180,14
287,JUJUY_LEDESMA,"Ledesma, Jujuy",UNION POR LA PATRIA,2.8,5.86,15.53,33.82,42.0,1466,3066,8133,17708,21992,77.46,69266,53654,1.37,0.08,0.95,737,44
288,JUJUY_PALPALA,"Palpala, Jujuy",LA LIBERTAD AVANZA,4.37,9.59,18.12,37.71,30.21,1625,3561,6732,14010,11221,78.46,48581,38119,1.43,0.05,1.06,547,19
289,JUJUY_RINCONADA,"Rinconada, Jujuy",UNION POR LA PATRIA,2.94,3.6,16.3,25.97,51.18,31,38,172,274,540,64.99,1651,1073,1.12,0.09,0.47,12,1
290,JUJUY_SAN ANTONIO,"San Antonio, Jujuy",LA LIBERTAD AVANZA,2.34,5.55,26.2,39.09,26.83,112,266,1256,1874,1286,81.08,6037,4895,1.08,0.16,0.82,53,8
291,JUJUY_SAN PEDRO,"San Pedro, Jujuy",UNION POR LA PATRIA,2.09,5.37,21.91,30.71,39.91,1072,2753,11226,15735,20451,79.62,65745,52344,1.26,0.02,0.83,661,12
292,JUJUY_SANTA BARBARA,"Santa Barbara, Jujuy",UNION POR LA PATRIA,1.02,2.22,25.96,26.84,43.97,124,269,3151,3258,5337,79.88,15463,12352,1.21,0.09,0.43,149,11
293,JUJUY_SANTA CATALINA,"Santa Catalina, Jujuy",UNION POR LA PATRIA,2.38,2.55,24.55,26.7,43.83,42,45,434,472,775,71.27,2555,1821,1.43,0.27,1.21,26,5
294,JUJUY_SUSQUES,"Susques, Jujuy",UNION POR LA PATRIA,6.57,5.11,15.38,33.58,39.35,140,109,328,716,839,64.13,3479,2231,2.6,0.0,1.84,58,0
295,JUJUY_TILCARA,"Tilcara, Jujuy",UNION POR LA PATRIA,5.7,5.28,13.85,33.5,41.66,506,468,1229,2972,3696,76.03,11966,9098,1.44,0.08,0.98,131,7
296,JUJUY_TUMBAYA,"Tumbaya, Jujuy",UNION POR LA PATRIA,3.77,3.57,25.78,29.87,37.01,152,144,1040,1205,1493,80.38,5128,4122,1.16,0.07,0.9,48,3
297,JUJUY_VALLE GRANDE,"Valle Grande, Jujuy",UNION POR LA PATRIA,1.42,1.6,35.11,14.72,47.16,8,9,198,83,266,19.61,2906,570,0.35,0.53,0.18,2,3
298,JUJUY_YAVI,"Yavi, Jujuy",UNION POR LA PATRIA,5.24,6.39,11.63,36.38,40.36,696,848,1543,4829,5356,75.0,18224,13668,1.43,0.08,1.38,196,11
299,LA PAMPA_ATREUCO,"Atreuco, La Pampa",LA LIBERTAD AVANZA,1.45,6.75,28.48,33.14,30.18,114,531,2240,2606,2373,78.81,10147,7997,0.84,0.01,0.81,67,1
300,LA PAMPA_CALEU CALEU,"Caleu Caleu, La Pampa",UNION POR LA PATRIA,6.68,6.68,15.87,34.02,36.76,117,117,278,596,644,80.2,2237,1794,0.89,0.11,1.34,16,2
301,LA PAMPA_CAPITAL,"Capital, La Pampa",UNION POR LA PATRIA,2.9,8.01,19.7,28.65,40.74,2115,5851,14386,20923,29748,77.39,96085,74364,0.8,0.04,0.96,598,27
302,LA PAMPA_CATRILO,"Catrilo, La Pampa",UNION POR LA PATRIA,1.13,4.82,17.7,37.97,38.39,64,274,1006,2158,2182,82.03,7057,5789,0.83,0.24,0.74,48,14
303,LA PAMPA_CHALILEO,"Chalileo, La Pampa",UNION POR LA PATRIA,2.27,4.49,14.07,32.98,46.19,45,89,279,654,916,73.49,2731,2007,0.7,0.0,0.5,14,0
304,LA PAMPA_CHAPALEUFU,"Chapaleufu, La Pampa",LA LIBERTAD AVANZA,1.5,7.21,24.67,37.67,28.95,127,611,2091,3193,2454,77.75,11079,8614,0.82,0.06,0.72,71,5
305,LA PAMPA_CHICAL CO,"Chical Co, La Pampa",UNION POR LA PATRIA,1.64,4.64,19.03,31.59,43.09,17,48,197,327,446,71.78,1474,1058,1.13,0.38,0.66,12,4
306,LA PAMPA_CONHELO,"Conhelo, La Pampa",UNION POR LA PATRIA,1.6,6.73,21.03,34.94,35.7,161,678,2119,3520,3596,77.98,13150,10254,0.84,0.04,0.88,86,4
307,LA PAMPA_CURACO,"Curaco, La Pampa",UNION POR LA PATRIA,2.63,3.09,12.67,22.72,58.89,17,20,82,147,381,73.51,891,655,0.46,0.15,0.61,3,1
308,LA PAMPA_GUATRACHE,"Guatrache, La Pampa",LA LIBERTAD AVANZA,2.12,6.98,30.94,38.29,21.66,122,402,1781,2204,1247,70.7,8308,5874,1.55,0.03,0.43,91,2
309,LA PAMPA_HUCAL,"Hucal, La Pampa",LA LIBERTAD AVANZA,1.55,8.62,28.28,36.03,25.52,82,456,1496,1906,1350,75.2,7227,5435,1.12,0.15,1.4,61,8
310,LA PAMPA_LIHUEL CALEL,"Lihuel Calel, La Pampa",UNION POR LA PATRIA,1.6,6.38,22.34,32.45,37.23,3,12,42,61,70,69.85,272,190,0.0,0.0,1.05,0,0
311,LA PAMPA_LIMAY MAHUIDA,"Limay Mahuida, La Pampa",UNION POR LA PATRIA,0.0,1.83,11.01,32.11,55.05,0,2,12,35,60,28.57,385,110,0.91,0.0,0.0,1,0
312,LA PAMPA_LOVENTUE,"Loventue, La Pampa",UNION POR LA PATRIA,2.21,5.81,19.73,30.9,41.35,137,360,1222,1914,2561,77.14,8171,6303,0.98,0.06,0.68,62,4
313,LA PAMPA_MARACO,"Maraco, La Pampa",LA LIBERTAD AVANZA,2.6,8.17,22.41,36.35,30.47,1103,3467,9506,15417,12925,79.2,54710,43333,0.96,0.06,1.09,417,24
314,LA PAMPA_PUELEN,"Puelen, La Pampa",LA LIBERTAD AVANZA,1.7,8.26,15.72,45.6,28.73,118,573,1091,3165,1994,78.02,9080,7084,1.03,0.01,0.97,73,1
315,LA PAMPA_QUEMU QUEMU,"Quemu Quemu, La Pampa",LA LIBERTAD AVANZA,2.23,7.11,32.23,33.4,25.03,132,420,1905,1974,1479,76.96,7799,6002,0.67,0.03,0.83,40,2
316,LA PAMPA_RANCUL,"Rancul, La Pampa",UNION POR LA PATRIA,1.57,6.63,23.65,32.65,35.5,103,435,1551,2141,2328,68.89,9725,6700,1.09,0.04,0.99,73,3
317,LA PAMPA_REALICO,"Realico, La Pampa",LA LIBERTAD AVANZA,1.27,7.43,27.35,34.98,28.97,148,865,3185,4074,3374,77.93,15241,11878,0.85,0.06,1.04,101,7
318,LA PAMPA_TOAY,"Toay, La Pampa",UNION POR LA PATRIA,2.54,7.11,18.09,34.75,37.52,300,840,2138,4107,4435,80.41,14923,12000,0.66,0.01,0.83,79,1
319,LA PAMPA_TRENEL,"Trenel, La Pampa",UNION POR LA PATRIA,0.91,6.68,17.39,33.6,41.42,36,263,685,1323,1631,79.02,5057,3996,1.08,0.03,0.35,43,1
320,LA PAMPA_UTRACAN,"Utracan, La Pampa",LA LIBERTAD AVANZA,1.77,6.11,25.27,37.58,29.28,183,633,2619,3896,3035,73.96,14283,10563,0.97,0.05,0.85,102,5
321,LA RIOJA_ARAUCO,"Arauco, La Rioja",UNION POR LA PATRIA,0.59,5.17,8.63,41.18,44.43,60,524,875,4174,4503,79.17,13161,10419,1.84,0.08,0.8,192,8
322,LA RIOJA_CAPITAL,"Capital, La Rioja",LA LIBERTAD AVANZA,1.02,9.54,12.85,40.2,36.4,1324,12365,16661,52122,47197,80.73,163911,132333,1.22,0.05,0.75,1614,61
323,LA RIOJA_CASTRO BARROS,"Castro Barros, La Rioja",UNION POR LA PATRIA,0.62,5.06,10.34,28.2,55.78,26,211,431,1176,2326,82.34,5153,4243,1.13,0.07,0.52,48,3
324,LA RIOJA_CHAMICAL,"Chamical, La Rioja",UNION POR LA PATRIA,0.61,9.11,12.07,34.4,43.81,58,869,1152,3283,4181,76.89,12706,9770,1.48,0.04,0.8,145,4
325,LA RIOJA_CHILECITO,"Chilecito, La Rioja",LA LIBERTAD AVANZA,0.93,8.66,11.68,42.01,36.73,318,2960,3993,14366,12560,80.07,43967,35206,2.26,0.02,0.58,797,7
326,LA RIOJA_CORONEL FELIPE VARELA,"Coronel Felipe Varela, La Rioja",UNION POR LA PATRIA,0.93,5.53,9.49,32.6,51.45,67,399,685,2354,3715,81.66,9060,7398,2.05,0.01,0.34,152,1
327,LA RIOJA_FAMATINA,"Famatina, La Rioja",UNION POR LA PATRIA,1.06,6.39,12.93,30.07,49.55,46,278,563,1309,2157,81.71,5451,4454,1.48,0.02,0.76,66,1
328,LA RIOJA_GENERAL ANGEL V. PEÑALOZA,"General Angel V. Peñaloza, La Rioja",UNION POR LA PATRIA,0.59,3.75,7.51,28.72,59.43,12,77,154,589,1219,78.62,2671,2100,1.48,0.29,0.57,31,6
329,LA RIOJA_GENERAL BELGRANO,"General Belgrano, La Rioja",UNION POR LA PATRIA,0.45,9.88,13.49,33.01,43.16,22,482,658,1610,2105,74.05,6743,4993,1.38,0.04,0.9,69,2
330,LA RIOJA_GENERAL JUAN F. QUIROGA,"General Juan F. Quiroga, La Rioja",UNION POR LA PATRIA,1.05,9.23,10.86,29.13,49.73,27,237,279,748,1277,75.82,3491,2647,2.72,0.04,0.23,72,1
331,LA RIOJA_GENERAL LAMADRID,"General Lamadrid, La Rioja",UNION POR LA PATRIA,0.61,3.31,7.36,28.11,60.61,9,49,109,416,897,84.18,1782,1500,1.13,0.0,0.2,17,0
332,LA RIOJA_GENERAL OCAMPO,"General Ocampo, La Rioja",UNION POR LA PATRIA,0.65,5.71,6.87,23.58,63.2,33,291,350,1202,3222,77.46,6736,5218,1.86,0.06,0.38,97,3
333,LA RIOJA_GENERAL SAN MARTIN,"General San Martin, La Rioja",UNION POR LA PATRIA,0.8,5.97,10.1,25.24,57.89,25,186,315,787,1805,75.94,4210,3197,1.56,0.03,0.88,50,1
334,LA RIOJA_INDEPENDENCIA,"Independencia, La Rioja",UNION POR LA PATRIA,0.86,4.72,8.28,21.23,64.91,17,93,163,418,1278,79.58,2512,1999,1.2,0.0,0.3,24,0
335,LA RIOJA_ROSARIO VERA PEÑALOZA,"Rosario Vera Peñaloza, La Rioja",UNION POR LA PATRIA,0.98,8.17,8.6,27.61,54.64,92,764,805,2583,5112,69.49,13764,9565,1.42,0.07,0.69,136,7
336,LA RIOJA_SAN BLAS DE LOS SAUCES,"San Blas De Los Sauces, La Rioja",UNION POR LA PATRIA,0.92,4.37,13.26,31.37,50.07,26,123,373,882,1408,80.86,3543,2865,1.15,0.0,0.7,33,0
337,LA RIOJA_SANAGASTA,"Sanagasta, La Rioja",UNION POR LA PATRIA,0.73,6.67,8.17,28.5,55.93,19,174,213,743,1458,85.24,3097,2640,0.83,0.08,0.34,22,2
338,LA RIOJA_VINCHINA,"Vinchina, La Rioja",UNION POR LA PATRIA,0.45,5.49,11.09,26.83,56.14,8,97,196,474,992,74.09,2451,1816,2.26,0.22,0.22,41,4
339,MENDOZA_CAPITAL,"Capital, Mendoza",JUNTOS POR EL CAMBIO,3.4,3.34,38.44,33.88,20.94,2484,2437,28056,24730,15281,74.67,100435,74999,1.49,0.07,1.12,1118,55
340,MENDOZA_GENERAL ALVEAR,"General Alvear, Mendoza",LA LIBERTAD AVANZA,2.11,9.24,24.55,34.86,29.24,578,2535,6733,9559,8017,73.14,38556,28198,1.88,0.13,0.74,529,38
341,MENDOZA_GODOY CRUZ,"Godoy Cruz, Mendoza",LA LIBERTAD AVANZA,4.18,4.09,32.99,37.43,21.32,4913,4813,38811,44037,25080,75.84,159783,121180,1.57,0.07,1.27,1906,83
342,MENDOZA_GUAYMALLEN,"Guaymallen, Mendoza",LA LIBERTAD AVANZA,3.95,3.93,27.86,43.43,20.83,6953,6921,49054,76488,36683,76.76,236601,181624,1.54,0.08,1.43,2793,140
343,MENDOZA_JUNIN,"Junin, Mendoza",LA LIBERTAD AVANZA,3.62,4.42,25.1,46.09,20.76,1058,1292,7329,13458,6062,80.7,37416,30193,1.9,0.04,1.35,575,12
344,MENDOZA_LA PAZ,"La Paz, Mendoza",UNION POR LA PATRIA,0.87,1.99,25.01,27.18,44.95,64,146,1838,1997,3303,78.86,9470,7468,1.04,0.09,0.47,78,7
345,MENDOZA_LAS HERAS,"Las Heras, Mendoza",LA LIBERTAD AVANZA,4.09,4.22,23.22,42.16,26.31,5031,5188,28558,51855,32352,75.42,168630,127175,1.73,0.11,1.46,2194,134
346,MENDOZA_LAVALLE,"Lavalle, Mendoza",LA LIBERTAD AVANZA,3.19,3.61,14.8,41.54,36.86,854,968,3966,11129,9877,76.25,36296,27676,2.12,0.05,1.01,587,15
347,MENDOZA_LUJAN DE CUYO,"Lujan De Cuyo, Mendoza",LA LIBERTAD AVANZA,3.45,3.89,29.44,44.45,18.77,3040,3433,25965,39208,16552,78.56,115929,91074,1.61,0.09,1.46,1466,81
348,MENDOZA_MAIPU,"Maipu, Mendoza",LA LIBERTAD AVANZA,3.9,4.22,22.3,46.69,22.9,4560,4943,26099,54651,26806,78.48,153852,120736,1.53,0.04,1.47,1852,52
349,MENDOZA_MALARGÜE,"Malargüe, Mendoza",LA LIBERTAD AVANZA,2.16,7.21,18.81,40.55,31.26,376,1255,3273,7054,5438,70.91,25331,17962,1.95,0.04,1.15,351,8
350,MENDOZA_RIVADAVIA,"Rivadavia, Mendoza",LA LIBERTAD AVANZA,3.12,3.97,23.27,44.04,25.6,1101,1399,8200,15521,9020,78.87,46163,36408,1.86,0.05,1.29,678,19
351,MENDOZA_SAN CARLOS,"San Carlos, Mendoza",LA LIBERTAD AVANZA,3.07,4.31,19.22,51.05,22.36,683,959,4279,11368,4978,79.23,28880,22881,1.55,0.02,1.11,354,5
352,MENDOZA_SAN MARTIN,"San Martin, Mendoza",LA LIBERTAD AVANZA,3.37,4.29,25.94,40.45,25.94,2400,3057,18483,28821,18482,75.88,97428,73931,2.15,0.08,1.4,1593,58
353,MENDOZA_SAN RAFAEL,"San Rafael, Mendoza",LA LIBERTAD AVANZA,2.36,5.3,21.66,43.48,27.19,2612,5859,23921,48032,30040,74.0,153789,113806,1.47,0.06,1.41,1671,67
354,MENDOZA_SANTA ROSA,"Santa Rosa, Mendoza",UNION POR LA PATRIA,2.12,2.98,17.37,36.04,41.49,247,347,2021,4194,4829,80.37,14834,11922,1.39,0.06,0.93,166,7
355,MENDOZA_TUNUYAN,"Tunuyan, Mendoza",LA LIBERTAD AVANZA,3.06,4.48,18.83,47.93,25.71,1008,1478,6210,15808,8480,77.68,43537,33819,1.55,0.03,0.89,524,10
356,MENDOZA_TUPUNGATO,"Tupungato, Mendoza",LA LIBERTAD AVANZA,2.89,4.39,17.41,54.21,21.1,610,928,3679,11457,4460,77.8,27958,21752,1.96,0.04,0.84,427,8
357,MISIONES_25 DE MAYO,"25 De Mayo, Misiones",UNION POR LA PATRIA,0.98,2.64,7.97,37.49,50.92,172,464,1399,6579,8936,70.54,26247,18514,5.11,0.01,0.09,946,1
358,MISIONES_APOSTOLES,"Apostoles, Misiones",LA LIBERTAD AVANZA,1.31,3.85,16.72,40.43,37.69,374,1099,4774,11542,10761,78.89,37200,29346,2.05,0.05,0.61,602,15
359,MISIONES_CAINGUAS,"Cainguas, Misiones",LA LIBERTAD AVANZA,1.18,3.93,8.78,44.7,41.4,406,1356,3028,15416,14278,76.94,47081,36225,4.43,0.01,0.36,1604,5
360,MISIONES_CANDELARIA,"Candelaria, Misiones",UNION POR LA PATRIA,1.22,3.89,13.95,37.88,43.06,266,846,3033,8236,9362,76.18,29370,22373,2.17,0.05,0.6,485,11
361,MISIONES_CAPITAL,"Capital, Misiones",LA LIBERTAD AVANZA,1.42,4.85,20.56,40.93,32.24,3108,10642,45084,89756,70709,76.07,296496,225555,1.99,0.08,0.7,4494,183
362,MISIONES_CONCEPCION,"Concepcion, Misiones",UNION POR LA PATRIA,0.96,3.52,24.56,28.98,42.0,56,206,1439,1698,2461,74.89,8072,6045,2.71,0.0,0.35,164,0
363,MISIONES_ELDORADO,"Eldorado, Misiones",LA LIBERTAD AVANZA,2.62,4.53,11.59,42.68,38.58,1354,2339,5991,22055,19934,76.68,69540,53325,2.37,0.07,0.66,1262,37
364,MISIONES_GENERAL MANUEL BELGRANO,"General Manuel Belgrano, Misiones",LA LIBERTAD AVANZA,1.27,3.35,8.26,47.24,39.88,330,873,2151,12297,10382,71.77,37647,27021,3.13,0.02,0.5,847,6
365,MISIONES_GUARANI,"Guarani, Misiones",LA LIBERTAD AVANZA,1.09,3.25,8.23,44.29,43.14,451,1344,3399,18292,17819,72.5,61046,44258,6.13,0.02,0.52,2714,11
366,MISIONES_IGUAZU,"Iguazu, Misiones",LA LIBERTAD AVANZA,1.37,4.11,13.05,46.51,34.97,761,2287,7268,25901,19478,73.68,77611,57183,1.92,0.06,0.62,1098,37
367,MISIONES_LEANDRO N. ALEM,"Leandro N. Alem, Misiones",LA LIBERTAD AVANZA,1.03,4.13,13.56,45.55,35.73,331,1323,4343,14587,11443,80.26,41624,33409,3.55,0.07,0.52,1187,22
368,MISIONES_LIBERTADOR GENERAL SAN MARTIN,"Libertador General San Martin, Misiones",LA LIBERTAD AVANZA,1.06,3.91,12.31,45.57,37.16,329,1218,3837,14202,11580,77.91,41274,32157,2.48,0.04,0.56,796,14
369,MISIONES_MONTECARLO,"Montecarlo, Misiones",LA LIBERTAD AVANZA,1.6,4.51,11.24,41.47,41.18,362,1019,2542,9374,9310,76.7,30117,23101,1.53,0.05,0.56,354,11
370,MISIONES_OBERA,"Obera, Misiones",LA LIBERTAD AVANZA,1.24,3.83,13.07,42.95,38.91,867,2671,9123,29977,27163,77.09,93381,71987,2.52,0.02,0.49,1817,17
371,MISIONES_SAN IGNACIO,"San Ignacio, Misiones",UNION POR LA PATRIA,0.97,3.5,12.52,39.61,43.4,357,1290,4621,14618,16015,76.15,49830,37947,2.27,0.06,0.42,862,23
372,MISIONES_SAN JAVIER,"San Javier, Misiones",UNION POR LA PATRIA,1.03,2.75,13.06,37.5,45.67,140,375,1781,5116,6230,76.05,18653,14186,3.26,0.07,0.5,463,10
373,MISIONES_SAN PEDRO,"San Pedro, Misiones",UNION POR LA PATRIA,2.17,3.58,5.68,34.9,53.67,372,614,974,5983,9201,75.12,24015,18039,4.85,0.02,0.09,875,3
374,NEUQUEN_ALUMINE,"Alumine, Neuquen",UNION POR LA PATRIA,4.46,7.19,17.15,31.76,39.45,274,442,1054,1952,2425,77.17,8566,6610,5.1,0.15,1.75,337,10
375,NEUQUEN_AÑELO,"Añelo, Neuquen",LA LIBERTAD AVANZA,2.58,3.88,9.19,48.96,35.39,291,437,1035,5513,3985,74.6,15809,11794,2.81,0.19,1.53,331,22
376,NEUQUEN_CATAN LIL,"Catan Lil, Neuquen",UNION POR LA PATRIA,4.77,7.63,12.49,17.45,57.67,50,80,131,183,605,72.55,1610,1168,9.5,0.0,0.68,111,0
377,NEUQUEN_CHOS MALAL,"Chos Malal, Neuquen",UNION POR LA PATRIA,4.08,7.53,22.02,30.44,35.92,404,745,2178,3011,3553,75.09,13976,10494,4.38,0.08,1.29,460,8
378,NEUQUEN_COLLON CURA,"Collon Cura, Neuquen",UNION POR LA PATRIA,3.1,8.56,17.43,32.46,38.45,88,243,495,922,1092,75.57,4032,3047,5.28,0.03,1.48,161,1
379,NEUQUEN_CONFLUENCIA,"Confluencia, Neuquen",LA LIBERTAD AVANZA,5.47,5.7,20.84,36.66,31.33,15565,16202,59268,104272,89099,81.64,361411,295073,1.99,0.11,1.51,5871,330
380,NEUQUEN_HUILICHES,"Huiliches, Neuquen",UNION POR LA PATRIA,5.11,7.14,20.54,30.34,36.87,585,817,2352,3474,4222,79.01,15405,12171,4.09,0.04,1.79,498,5
381,NEUQUEN_LACAR,"Lacar, Neuquen",LA LIBERTAD AVANZA,5.26,6.27,28.2,34.58,25.69,1245,1484,6674,8185,6080,74.24,33316,24734,2.15,0.06,2.09,533,15
382,NEUQUEN_LONCOPUE,"Loncopue, Neuquen",UNION POR LA PATRIA,3.34,7.44,14.84,32.77,41.61,148,330,658,1453,1845,82.57,5927,4894,7.62,0.12,1.66,373,6
383,NEUQUEN_LOS LAGOS,"Los Lagos, Neuquen",LA LIBERTAD AVANZA,4.55,6.91,27.52,35.66,25.36,414,629,2504,3244,2307,71.14,13610,9682,4.68,0.14,1.21,453,14
384,NEUQUEN_MINAS,"Minas, Neuquen",UNION POR LA PATRIA,4.82,8.19,17.5,30.6,38.89,248,421,900,1574,2000,78.4,7430,5825,9.41,0.09,2.21,548,5
385,NEUQUEN_PEHUENCHES,"Pehuenches, Neuquen",LA LIBERTAD AVANZA,2.2,6.04,10.67,49.98,31.11,361,991,1751,8203,5106,76.0,22729,17274,3.53,0.01,1.45,610,2
386,NEUQUEN_PICUN LEUFU,"Picun Leufu, Neuquen",UNION POR LA PATRIA,3.98,7.05,11.99,32.01,44.97,123,218,371,990,1391,75.33,4358,3283,4.02,0.09,1.68,132,3
387,NEUQUEN_PICUNCHES,"Picunches, Neuquen",LA LIBERTAD AVANZA,2.28,5.28,24.93,39.6,27.9,106,245,1157,1838,1295,78.26,6358,4976,5.33,0.02,1.39,265,1
388,NEUQUEN_ZAPALA,"Zapala, Neuquen",LA LIBERTAD AVANZA,4.58,6.59,22.3,36.58,29.95,1214,1747,5909,9694,7938,80.33,34653,27836,3.2,0.02,1.57,890,6
389,NEUQUEN_ÑORQUIN,"Ñorquin, Neuquen",UNION POR LA PATRIA,3.76,5.66,15.08,27.27,48.23,122,184,490,886,1567,74.36,4887,3634,9.49,0.03,1.07,345,1
390,RIO NEGRO_25 DE MAYO,"25 De Mayo, Rio Negro",UNION POR LA PATRIA,2.85,4.27,14.06,26.96,51.85,231,346,1139,2184,4200,71.09,12881,9157,10.08,0.19,1.28,923,17
391,RIO NEGRO_9 DE JULIO,"9 De Julio, Rio Negro",UNION POR LA PATRIA,1.43,3.54,9.27,26.53,59.23,30,74,194,555,1239,76.52,3216,2461,13.65,0.49,0.85,336,12
392,RIO NEGRO_ADOLFO ALSINA,"Adolfo Alsina, Rio Negro",UNION POR LA PATRIA,3.56,6.3,20.66,31.53,37.95,1517,2680,8797,13423,16156,76.18,58223,44357,2.2,0.49,1.33,977,219
393,RIO NEGRO_AVELLANEDA,"Avellaneda, Rio Negro",UNION POR LA PATRIA,2.59,5.73,15.92,36.55,39.21,619,1366,3799,8719,9353,78.66,31927,25115,3.31,0.26,1.44,831,66
394,RIO NEGRO_BARILOCHE,"Bariloche, Rio Negro",UNION POR LA PATRIA,5.24,8.17,19.94,27.13,39.52,4859,7577,18494,25169,36657,74.26,129508,96177,2.07,0.08,1.41,1990,76
395,RIO NEGRO_CONESA,"Conesa, Rio Negro",LA LIBERTAD AVANZA,2.55,5.26,16.85,38.61,36.74,104,214,686,1572,1496,71.77,5869,4212,2.09,0.19,1.04,88,8
396,RIO NEGRO_EL CUY,"El Cuy, Rio Negro",UNION POR LA PATRIA,5.16,4.27,11.48,30.3,48.78,121,100,269,710,1143,71.61,3459,2477,3.19,0.2,2.02,79,5
397,RIO NEGRO_GENERAL ROCA,"General Roca, Rio Negro",LA LIBERTAD AVANZA,4.0,5.53,17.45,37.23,35.79,8944,12365,38998,83233,80004,79.57,293624,233642,2.67,0.15,1.51,6241,340
398,RIO NEGRO_PICHI MAHUIDA,"Pichi Mahuida, Rio Negro",UNION POR LA PATRIA,2.84,6.74,21.06,34.38,34.97,268,635,1985,3240,3296,74.97,13054,9787,2.35,0.17,1.19,230,17
399,RIO NEGRO_PILCANIYEU,"Pilcaniyeu, Rio Negro",UNION POR LA PATRIA,3.82,6.55,19.32,25.7,44.61,236,404,1192,1586,2753,74.99,8626,6469,3.22,0.12,1.27,208,8
400,RIO NEGRO_SAN ANTONIO,"San Antonio, Rio Negro",UNION POR LA PATRIA,3.08,7.57,17.31,33.07,38.97,632,1553,3551,6783,7995,72.3,30021,21706,4.22,0.06,1.21,917,12
401,RIO NEGRO_VALCHETA,"Valcheta, Rio Negro",UNION POR LA PATRIA,2.77,4.82,15.88,28.06,48.47,74,129,425,751,1297,67.73,4131,2798,1.64,0.25,2.47,46,7
402,RIO NEGRO_ÑORQUINCO,"Ñorquinco, Rio Negro",UNION POR LA PATRIA,1.77,4.93,10.11,14.16,69.03,14,39,80,112,546,59.9,1429,856,6.66,0.0,0.93,57,0
403,SALTA_ANTA,"Anta, Salta",UNION POR LA PATRIA,0.75,3.4,11.67,35.09,49.09,253,1148,3945,11863,16596,65.79,52546,34568,1.46,0.14,0.61,505,48
404,SALTA_CACHI,"Cachi, Salta",LA LIBERTAD AVANZA,1.75,4.2,14.14,41.69,38.23,94,226,761,2244,2058,73.22,7561,5536,2.06,0.04,0.67,114,2
405,SALTA_CAFAYATE,"Cafayate, Salta",UNION POR LA PATRIA,1.87,9.21,11.89,37.17,39.85,189,929,1199,3748,4018,71.46,14459,10332,1.66,0.1,0.66,171,10
406,SALTA_CAPITAL,"Capital, Salta",LA LIBERTAD AVANZA,2.41,7.88,17.2,43.79,28.72,8091,26430,57663,146818,96286,76.24,451114,343909,1.12,0.2,1.18,3860,694
407,SALTA_CERRILLOS,"Cerrillos, Salta",LA LIBERTAD AVANZA,1.84,6.49,13.37,46.63,31.67,593,2091,4304,15011,10195,76.98,42606,32800,0.89,0.16,0.8,293,51
408,SALTA_CHICOANA,"Chicoana, Salta",LA LIBERTAD AVANZA,1.35,5.48,13.79,47.33,32.05,193,782,1968,6755,4574,74.66,19493,14554,1.14,0.15,0.65,166,22
409,SALTA_GENERAL GUEMES,"General Guemes, Salta",UNION POR LA PATRIA,1.63,5.3,11.36,40.36,41.35,514,1671,3580,12719,13032,76.04,42186,32079,0.83,0.19,0.73,267,61
410,SALTA_GENERAL JOSE DE SAN MARTIN,"General Jose De San Martin, Salta",UNION POR LA PATRIA,0.99,3.37,8.96,31.93,54.75,907,3095,8236,29339,50297,66.54,140473,93471,0.84,0.16,0.71,786,151
411,SALTA_GUACHIPAS,"Guachipas, Salta",LA LIBERTAD AVANZA,0.88,3.72,13.45,43.36,38.6,21,89,322,1038,924,73.35,3351,2458,1.83,0.24,0.53,45,6
412,SALTA_IRUYA,"Iruya, Salta",UNION POR LA PATRIA,0.16,2.24,3.2,37.04,57.36,2,28,40,463,717,25.63,4991,1279,2.03,0.08,0.16,26,1
413,SALTA_LA CALDERA,"La Caldera, Salta",LA LIBERTAD AVANZA,1.89,6.03,19.3,43.14,29.63,215,685,2191,4897,3363,72.17,15973,11528,0.71,0.23,0.59,82,27
414,SALTA_LA CANDELARIA,"La Candelaria, Salta",UNION POR LA PATRIA,0.83,4.22,9.9,37.74,47.3,32,162,380,1449,1816,67.96,5755,3911,0.84,0.18,0.82,33,7
415,SALTA_LA POMA,"La Poma, Salta",UNION POR LA PATRIA,1.03,4.48,5.88,33.71,54.9,11,48,63,361,588,73.58,1495,1100,2.18,0.09,0.36,24,1
416,SALTA_LA VIÑA,"La Viña, Salta",LA LIBERTAD AVANZA,0.75,5.08,11.49,43.22,39.47,41,278,628,2363,2158,68.33,8130,5555,0.7,0.16,0.7,39,9
417,SALTA_LOS ANDES,"Los Andes, Salta",LA LIBERTAD AVANZA,2.1,5.76,7.02,43.22,41.9,87,239,291,1792,1737,64.03,6628,4244,1.48,0.07,0.75,63,3
418,SALTA_METAN,"Metan, Salta",UNION POR LA PATRIA,1.2,7.66,13.23,36.94,40.97,305,1945,3358,9378,10400,70.98,36396,25834,0.84,0.14,0.75,218,36
419,SALTA_MOLINOS,"Molinos, Salta",UNION POR LA PATRIA,0.49,2.35,9.0,39.46,48.69,18,86,329,1442,1779,73.98,5050,3736,1.74,0.11,0.35,65,4
420,SALTA_ORAN,"Oran, Salta",UNION POR LA PATRIA,1.36,5.18,11.35,40.36,41.75,1128,4287,9393,33405,34550,68.51,123279,84464,1.12,0.15,0.74,950,128
421,SALTA_RIVADAVIA,"Rivadavia, Salta",UNION POR LA PATRIA,0.54,1.21,3.98,18.81,75.47,86,193,634,3000,12036,54.42,29942,16294,0.67,0.94,0.51,109,153
422,SALTA_ROSARIO DE LA FRONTERA,"Rosario De La Frontera, Salta",UNION POR LA PATRIA,0.99,7.68,13.65,32.43,45.25,177,1374,2440,5798,8092,68.89,26550,18290,1.3,0.21,0.73,237,38
423,SALTA_ROSARIO DE LERMA,"Rosario De Lerma, Salta",LA LIBERTAD AVANZA,1.67,6.64,15.01,44.13,32.55,501,1986,4494,13208,9742,78.75,38991,30706,1.36,0.2,0.97,417,60
424,SALTA_SAN CARLOS,"San Carlos, Salta",UNION POR LA PATRIA,1.48,4.26,8.9,32.57,52.79,64,185,386,1413,2290,67.07,6592,4421,1.18,0.07,0.63,52,3
425,SALTA_SANTA VICTORIA,"Santa Victoria, Salta",LA LIBERTAD AVANZA,0.89,2.66,6.36,49.19,40.9,11,33,79,611,508,15.47,8231,1273,0.55,0.08,1.81,7,1
426,SAN JUAN_25 DE MAYO,"25 De Mayo, San Juan",UNION POR LA PATRIA,1.97,4.84,15.4,31.62,46.17,208,511,1626,3339,4876,72.61,14919,10832,1.84,0.06,0.61,199,7
427,SAN JUAN_9 DE JULIO,"9 De Julio, San Juan",LA LIBERTAD AVANZA,2.31,4.79,16.72,38.74,37.43,162,336,1172,2715,2623,75.84,9468,7181,1.59,0.17,0.65,114,12
428,SAN JUAN_ALBARDON,"Albardon, San Juan",LA LIBERTAD AVANZA,2.32,5.36,16.56,39.78,35.98,379,875,2701,6489,5869,74.75,22491,16812,1.92,0.14,0.91,323,23
429,SAN JUAN_ANGACO,"Angaco, San Juan",LA LIBERTAD AVANZA,2.38,5.47,19.6,37.29,35.26,139,319,1143,2175,2057,71.57,8336,5966,1.24,0.02,0.97,74,1
430,SAN JUAN_CALINGASTA,"Calingasta, San Juan",LA LIBERTAD AVANZA,2.16,5.16,22.88,38.73,31.07,121,289,1281,2169,1740,67.65,8642,5846,2.93,0.0,1.28,171,0
431,SAN JUAN_CAPITAL,"Capital, San Juan",JUNTOS POR EL CAMBIO,1.95,6.28,36.37,32.36,23.04,1337,4310,24955,22204,15810,74.53,93773,69892,0.95,0.05,0.82,664,38
432,SAN JUAN_CAUCETE,"Caucete, San Juan",UNION POR LA PATRIA,2.17,5.51,17.49,31.12,43.72,515,1307,4149,7383,10373,75.87,31818,24140,1.02,0.04,0.65,247,9
433,SAN JUAN_CHIMBAS,"Chimbas, San Juan",UNION POR LA PATRIA,2.58,6.35,16.42,36.79,37.85,1352,3319,8590,19246,19800,73.34,73432,53854,1.6,0.1,1.18,861,53
434,SAN JUAN_IGLESIA,"Iglesia, San Juan",LA LIBERTAD AVANZA,2.05,5.46,24.86,36.71,30.92,111,296,1347,1989,1675,69.79,8007,5588,2.09,0.05,0.89,117,3
435,SAN JUAN_JACHAL,"Jachal, San Juan",UNION POR LA PATRIA,2.18,5.81,18.37,24.11,49.53,336,894,2826,3709,7620,78.8,20009,15767,1.43,0.06,0.94,225,9
436,SAN JUAN_POCITO,"Pocito, San Juan",LA LIBERTAD AVANZA,2.45,6.14,15.47,40.76,35.17,884,2214,5575,14692,12678,74.73,49540,37020,1.69,0.05,0.9,627,17
437,SAN JUAN_RAWSON,"Rawson, San Juan",LA LIBERTAD AVANZA,2.55,7.51,19.45,37.69,32.8,1847,5434,14085,27288,23744,73.99,100356,74254,1.26,0.17,1.07,939,125
438,SAN JUAN_RIVADAVIA,"Rivadavia, San Juan",LA LIBERTAD AVANZA,2.19,6.43,29.07,33.61,28.7,1246,3659,16550,19130,16337,77.68,75056,58304,1.38,0.09,0.91,804,50
439,SAN JUAN_SAN MARTIN,"San Martin, San Juan",UNION POR LA PATRIA,2.14,7.1,13.89,34.99,41.88,179,594,1163,2929,3506,82.97,10459,8678,2.54,0.08,0.92,220,7
440,SAN JUAN_SANTA LUCIA,"Santa Lucia, San Juan",LA LIBERTAD AVANZA,2.15,5.79,31.81,34.6,25.65,725,1947,10703,11641,8632,76.77,44965,34518,1.4,0.03,1.08,484,12
441,SAN JUAN_SARMIENTO,"Sarmiento, San Juan",LA LIBERTAD AVANZA,1.66,4.35,23.28,36.23,34.48,245,643,3439,5353,5095,77.06,19695,15176,1.62,0.03,0.99,246,5
442,SAN JUAN_ULLUM,"Ullum, San Juan",UNION POR LA PATRIA,2.61,0.0,11.27,26.35,59.76,90,0,388,907,2057,73.4,4779,3508,1.57,0.09,0.23,55,3
443,SAN JUAN_VALLE FERTIL,"Valle Fertil, San Juan",UNION POR LA PATRIA,1.77,7.03,22.36,32.15,36.69,80,318,1012,1455,1660,67.21,6871,4618,1.36,0.0,0.65,63,0
444,SAN JUAN_ZONDA,"Zonda, San Juan",UNION POR LA PATRIA,2.28,5.36,13.66,33.34,45.35,69,162,413,1008,1371,64.27,4797,3083,1.33,0.06,0.55,41,2
445,SAN LUIS_AYACUCHO,"Ayacucho, San Luis",UNION POR LA PATRIA,1.45,5.27,17.61,37.76,37.91,200,727,2427,5205,5226,75.1,18984,14257,2.25,0.02,1.04,321,3
446,SAN LUIS_BELGRANO,"Belgrano, San Luis",UNION POR LA PATRIA,1.96,4.23,23.11,33.67,37.03,56,121,661,963,1059,61.96,4735,2934,1.94,0.07,0.51,57,2
447,SAN LUIS_CHACABUCO,"Chacabuco, San Luis",LA LIBERTAD AVANZA,1.57,7.09,18.84,41.96,30.54,246,1113,2957,6584,4792,77.14,20925,16142,1.81,0.02,0.96,292,3
448,SAN LUIS_CORONEL PRINGLES,"Coronel Pringles, San Luis",LA LIBERTAD AVANZA,1.4,4.18,20.47,41.25,32.7,135,404,1976,3982,3157,76.32,13069,9974,2.05,0.06,1.1,204,6
449,SAN LUIS_GENERAL PEDERNERA,"General Pedernera, San Luis",LA LIBERTAD AVANZA,1.96,6.47,21.86,45.79,23.92,1763,5807,19622,41110,21472,79.35,116346,92319,1.69,0.05,1.02,1557,48
450,SAN LUIS_GOBERNADOR DUPUY,"Gobernador Dupuy, San Luis",LA LIBERTAD AVANZA,1.08,2.95,19.33,42.75,33.88,90,247,1617,3576,2834,76.19,11278,8593,2.2,0.03,0.43,189,3
451,SAN LUIS_JUAN MARTIN DE PUEYRREDON,"Juan Martin De Pueyrredon, San Luis",LA LIBERTAD AVANZA,2.58,5.91,20.94,44.2,26.36,3896,8903,31565,66623,39736,78.62,197579,155345,1.77,0.17,1.03,2757,262
452,SAN LUIS_JUNIN,"Junin, San Luis",LA LIBERTAD AVANZA,2.21,10.43,21.74,37.46,28.16,541,2553,5322,9171,6895,75.02,33680,25268,1.58,0.04,1.5,398,9
453,SAN LUIS_LIBERTADOR GENERAL SAN MARTIN,"Libertador General San Martin, San Luis",UNION POR LA PATRIA,1.09,4.17,19.89,30.47,44.37,37,142,677,1037,1510,79.33,4441,3523,2.61,0.09,0.71,92,3
454,SANTA CRUZ_CORPEN AIKE,"Corpen Aike, Santa Cruz",LA LIBERTAD AVANZA,2.2,5.86,13.65,39.77,38.52,176,468,1090,3177,3077,75.6,11598,8768,7.48,0.15,1.27,656,13
455,SANTA CRUZ_DESEADO,"Deseado, Santa Cruz",UNION POR LA PATRIA,2.94,8.55,13.69,37.35,37.48,1857,5410,8655,23619,23700,69.84,100131,69929,7.63,0.18,1.76,5333,124
456,SANTA CRUZ_GÜER AIKE,"Güer Aike, Santa Cruz",UNION POR LA PATRIA,2.61,5.35,19.97,34.75,37.32,1833,3754,13997,24359,26160,70.22,106299,74647,4.34,0.1,1.66,3236,71
457,SANTA CRUZ_LAGO ARGENTINO,"Lago Argentino, Santa Cruz",UNION POR LA PATRIA,4.3,5.34,13.84,33.19,43.33,616,766,1985,4759,6212,68.93,22121,15248,3.63,0.31,2.03,553,47
458,SANTA CRUZ_LAGO BUENOS AIRES,"Lago Buenos Aires, Santa Cruz",UNION POR LA PATRIA,2.6,4.19,12.64,38.19,42.38,176,283,854,2581,2864,71.38,10477,7479,7.97,0.24,1.43,596,18
459,SANTA CRUZ_MAGALLANES,"Magallanes, Santa Cruz",LA LIBERTAD AVANZA,2.83,7.32,17.54,44.07,28.24,184,476,1141,2867,1837,68.26,10403,7101,7.28,0.15,0.96,517,11
460,SANTA CRUZ_RIO CHICO,"Rio Chico, Santa Cruz",UNION POR LA PATRIA,3.73,5.42,13.35,34.8,42.69,106,154,379,988,1212,74.79,4371,3269,11.53,0.43,1.19,377,14
461,SANTA FE_9 DE JULIO,"9 De Julio, Santa Fe",LA LIBERTAD AVANZA,0.96,6.29,22.44,40.9,29.4,172,1130,4029,7342,5278,67.95,26821,18226,0.78,0.08,0.65,142,14
462,SANTA FE_BELGRANO,"Belgrano, Santa Fe",LA LIBERTAD AVANZA,1.12,13.78,27.86,36.9,20.33,333,4093,8272,10957,6038,76.85,39428,30302,1.17,0.01,0.83,354,2
463,SANTA FE_CASEROS,"Caseros, Santa Fe",LA LIBERTAD AVANZA,1.67,13.25,29.62,33.89,21.58,899,7131,15939,18238,11612,76.0,72338,54979,1.07,0.04,1.0,587,21
464,SANTA FE_CASTELLANOS,"Castellanos, Santa Fe",LA LIBERTAD AVANZA,1.21,14.78,29.57,35.36,19.08,1350,16537,33085,39564,21353,75.51,150951,113988,0.82,0.05,0.97,933,60
465,SANTA FE_CONSTITUCION,"Constitucion, Santa Fe",UNION POR LA PATRIA,2.12,11.01,24.6,30.63,31.65,1229,6378,14256,17747,18339,77.09,76806,59210,1.01,0.05,1.07,599,27
466,SANTA FE_GARAY,"Garay, Santa Fe",LA LIBERTAD AVANZA,0.99,5.35,25.29,36.1,32.26,133,716,3381,4827,4314,68.51,19909,13639,0.87,0.07,1.03,118,9
467,SANTA FE_GENERAL LOPEZ,"General Lopez, Santa Fe",LA LIBERTAD AVANZA,1.51,10.83,29.94,36.14,21.58,1856,13354,36915,44550,26609,75.25,166983,125654,0.95,0.01,0.93,1193,12
468,SANTA FE_GENERAL OBLIGADO,"General Obligado, Santa Fe",LA LIBERTAD AVANZA,1.06,7.21,24.83,34.42,32.48,1185,8056,27734,38440,36272,73.72,154178,113662,0.76,0.05,0.94,859,52
469,SANTA FE_IRIONDO,"Iriondo, Santa Fe",LA LIBERTAD AVANZA,1.66,12.75,25.82,35.16,24.61,744,5710,11564,15749,11021,76.39,59844,45716,1.11,0.0,0.92,507,0
470,SANTA FE_LA CAPITAL,"La Capital, Santa Fe",LA LIBERTAD AVANZA,1.84,8.15,27.81,31.56,30.63,5661,25068,85542,97083,94217,68.67,457995,314516,0.83,0.08,1.3,2615,255
471,SANTA FE_LAS COLONIAS,"Las Colonias, Santa Fe",LA LIBERTAD AVANZA,1.14,10.16,29.81,41.75,17.15,766,6852,20094,28144,11560,75.56,91062,68809,0.95,0.07,1.0,655,48
472,SANTA FE_ROSARIO,"Rosario, Santa Fe",UNION POR LA PATRIA,2.56,7.16,26.82,28.9,34.56,19504,54449,203995,219820,262897,73.77,1056533,779396,0.92,0.06,1.42,7157,502
473,SANTA FE_SAN CRISTOBAL,"San Cristobal, Santa Fe",LA LIBERTAD AVANZA,1.02,12.83,25.91,35.07,25.18,416,5221,10545,14275,10249,68.35,60559,41392,0.79,0.08,0.79,325,35
474,SANTA FE_SAN JAVIER,"San Javier, Santa Fe",UNION POR LA PATRIA,0.9,7.61,24.38,30.91,36.21,166,1410,4519,5728,6710,67.91,27930,18966,1.05,0.01,1.22,200,1
475,SANTA FE_SAN JERONIMO,"San Jeronimo, Santa Fe",LA LIBERTAD AVANZA,1.37,10.55,26.71,34.1,27.27,688,5278,13367,17065,13648,72.8,70210,51110,1.1,0.03,0.96,562,13
476,SANTA FE_SAN JUSTO,"San Justo, Santa Fe",LA LIBERTAD AVANZA,0.93,10.13,27.75,37.37,23.82,246,2680,7342,9888,6304,72.31,37293,26968,0.75,0.01,1.12,202,3
477,SANTA FE_SAN LORENZO,"San Lorenzo, Santa Fe",LA LIBERTAD AVANZA,2.1,9.37,22.06,36.75,29.72,2489,11091,26104,43498,35170,77.0,157360,121169,0.94,0.17,1.21,1145,202
478,SANTA FE_SAN MARTIN,"San Martin, Santa Fe",LA LIBERTAD AVANZA,1.04,14.67,27.5,37.92,18.87,425,5984,11214,15461,7693,75.44,55164,41618,0.79,0.0,1.23,327,1
479,SANTA FE_VERA,"Vera, Santa Fe",UNION POR LA PATRIA,0.95,6.77,22.21,30.91,39.16,291,2067,6780,9437,11957,67.12,46430,31166,1.0,0.04,0.99,311,14
480,SANTIAGO DEL ESTERO_AGUIRRE,"Aguirre, Santiago Del Estero",UNION POR LA PATRIA,0.61,2.07,18.51,21.64,57.18,32,109,977,1142,3018,72.13,7468,5387,1.34,0.11,0.58,72,6
481,SANTIAGO DEL ESTERO_ALBERDI,"Alberdi, Santiago Del Estero",UNION POR LA PATRIA,0.45,0.86,4.71,19.36,74.63,44,84,459,1888,7279,68.25,14465,9872,0.85,0.1,0.24,84,10
482,SANTIAGO DEL ESTERO_ATAMISQUI,"Atamisqui, Santiago Del Estero",UNION POR LA PATRIA,0.56,1.29,2.89,15.98,79.29,46,105,236,1305,6477,76.91,10763,8278,0.74,0.23,0.35,61,19
483,SANTIAGO DEL ESTERO_AVELLANEDA,"Avellaneda, Santiago Del Estero",UNION POR LA PATRIA,0.88,1.32,4.84,17.32,75.64,133,199,730,2612,11407,77.28,19748,15261,0.77,0.14,0.27,117,22
484,SANTIAGO DEL ESTERO_BANDA,"Banda, Santiago Del Estero",UNION POR LA PATRIA,1.37,2.16,7.75,24.28,64.43,1385,2189,7840,24562,65175,77.64,133636,103755,1.56,0.18,0.77,1617,186
485,SANTIAGO DEL ESTERO_BELGRANO,"Belgrano, Santiago Del Estero",UNION POR LA PATRIA,1.02,2.48,12.83,40.21,43.47,64,156,808,2532,2737,78.34,8177,6406,1.06,0.11,0.53,68,7
486,SANTIAGO DEL ESTERO_CAPITAL,"Capital, Santiago Del Estero",UNION POR LA PATRIA,1.91,2.54,11.37,26.5,57.68,3786,5020,22506,52471,114186,78.95,257320,203155,1.57,0.16,0.82,3192,324
487,SANTIAGO DEL ESTERO_CHOYA,"Choya, Santiago Del Estero",UNION POR LA PATRIA,1.34,3.6,6.79,17.63,70.63,331,887,1674,4345,17402,77.95,32224,25117,1.1,0.12,0.68,277,30
488,SANTIAGO DEL ESTERO_COPO,"Copo, Santiago Del Estero",UNION POR LA PATRIA,0.82,1.59,4.75,20.01,72.84,157,304,910,3837,13970,73.95,26264,19423,0.91,0.11,0.24,177,21
489,SANTIAGO DEL ESTERO_FIGUEROA,"Figueroa, Santiago Del Estero",UNION POR LA PATRIA,0.53,1.02,2.56,8.11,87.77,59,113,284,900,9736,72.75,15389,11196,0.46,0.11,0.36,52,12
490,SANTIAGO DEL ESTERO_GENERAL TABOADA,"General Taboada, Santiago Del Estero",UNION POR LA PATRIA,0.82,2.13,6.68,22.26,68.11,230,594,1866,6213,19011,77.0,36912,28423,1.17,0.13,0.49,332,37
491,SANTIAGO DEL ESTERO_GUASAYAN,"Guasayan, Santiago Del Estero",UNION POR LA PATRIA,0.9,1.29,4.99,14.5,78.32,51,73,283,822,4441,74.46,7698,5732,0.73,0.1,0.24,42,6
492,SANTIAGO DEL ESTERO_JIMENEZ,"Jimenez, Santiago Del Estero",UNION POR LA PATRIA,0.47,0.87,3.13,14.48,81.05,42,77,278,1287,7203,73.17,12302,9001,0.7,0.26,0.31,63,23
493,SANTIAGO DEL ESTERO_JUAN F. IBARRA,"Juan F. Ibarra, Santiago Del Estero",UNION POR LA PATRIA,0.71,1.41,5.81,18.69,73.38,77,154,633,2035,7992,75.86,14559,11045,0.96,0.09,0.34,106,10
494,SANTIAGO DEL ESTERO_LORETO,"Loreto, Santiago Del Estero",UNION POR LA PATRIA,0.87,2.5,6.71,23.69,66.24,125,360,968,3416,9553,76.37,19250,14702,1.21,0.16,0.53,178,24
495,SANTIAGO DEL ESTERO_MITRE,"Mitre, Santiago Del Estero",UNION POR LA PATRIA,0.46,2.75,18.47,21.07,57.25,3,18,121,138,375,63.37,1062,673,1.49,0.74,0.45,10,5
496,SANTIAGO DEL ESTERO_MORENO,"Moreno, Santiago Del Estero",UNION POR LA PATRIA,0.52,1.57,6.07,25.74,66.1,117,353,1361,5774,14830,76.55,29750,22774,0.94,0.18,0.36,214,42
497,SANTIAGO DEL ESTERO_OJO DE AGUA,"Ojo De Agua, Santiago Del Estero",UNION POR LA PATRIA,0.7,4.87,8.34,24.6,61.48,68,470,805,2373,5931,74.44,13289,9892,1.62,0.25,0.61,160,25
498,SANTIAGO DEL ESTERO_PELLEGRINI,"Pellegrini, Santiago Del Estero",UNION POR LA PATRIA,0.38,0.92,4.3,16.35,78.05,54,131,611,2322,11086,75.92,18943,14382,0.89,0.16,0.19,128,23
499,SANTIAGO DEL ESTERO_QUEBRACHOS,"Quebrachos, Santiago Del Estero",UNION POR LA PATRIA,1.08,5.37,10.17,30.44,52.94,64,319,604,1807,3143,69.52,8691,6042,0.81,0.3,0.63,49,18
500,SANTIAGO DEL ESTERO_RIO HONDO,"Rio Hondo, Santiago Del Estero",UNION POR LA PATRIA,1.35,1.61,5.55,20.43,71.06,530,633,2183,8044,27974,77.73,51750,40225,1.17,0.12,0.85,472,49
501,SANTIAGO DEL ESTERO_RIVADAVIA,"Rivadavia, Santiago Del Estero",UNION POR LA PATRIA,0.73,4.37,22.17,30.12,42.61,22,132,669,909,1286,80.19,3797,3045,0.3,0.23,0.36,9,7
502,SANTIAGO DEL ESTERO_ROBLES,"Robles, Santiago Del Estero",UNION POR LA PATRIA,0.74,1.78,6.69,23.81,66.98,236,569,2138,7612,21413,78.25,41561,32521,1.12,0.12,0.46,365,40
503,SANTIAGO DEL ESTERO_SALAVINA,"Salavina, Santiago Del Estero",UNION POR LA PATRIA,0.45,1.29,3.91,19.14,75.21,31,88,267,1307,5135,70.7,9797,6926,0.84,0.2,0.38,58,14
504,SANTIAGO DEL ESTERO_SAN MARTIN,"San Martin, Santiago Del Estero",UNION POR LA PATRIA,0.6,1.02,2.74,11.09,84.56,35,60,161,652,4973,74.22,8040,5967,0.74,0.18,0.52,44,11
505,SANTIAGO DEL ESTERO_SARMIENTO,"Sarmiento, Santiago Del Estero",UNION POR LA PATRIA,0.49,0.81,4.64,12.13,81.92,12,20,114,298,2012,74.75,3347,2502,1.24,0.44,0.16,31,11
506,SANTIAGO DEL ESTERO_SILIPICA,"Silipica, Santiago Del Estero",UNION POR LA PATRIA,0.81,1.4,4.38,11.81,81.59,51,88,275,741,5118,80.56,7926,6385,1.21,0.11,0.44,77,7
507,TIERRA DEL FUEGO_ANTARTIDA ARGENTINA,"Antartida Argentina, Tierra Del Fuego",LA LIBERTAD AVANZA,2.01,3.02,22.11,68.84,4.02,4,6,44,137,8,70.53,285,201,0.5,0.0,0.5,1,0
508,TIERRA DEL FUEGO_RIO GRANDE,"Rio Grande, Tierra Del Fuego",UNION POR LA PATRIA,3.97,8.18,13.36,32.09,42.4,2219,4576,7473,17943,23712,75.5,76463,57732,1.31,0.12,1.7,759,71
509,TIERRA DEL FUEGO_TOLHUIN,"Tolhuin, Tierra Del Fuego",LA LIBERTAD AVANZA,2.14,5.78,10.54,45.73,35.82,88,238,434,1883,1475,73.51,5780,4249,1.08,0.31,1.69,46,13
510,TIERRA DEL FUEGO_USHUAIA,"Ushuaia, Tierra Del Fuego",LA LIBERTAD AVANZA,3.88,10.67,17.27,34.72,33.46,1780,4894,7924,15928,15353,72.54,65440,47470,1.65,0.16,1.55,782,75
511,TUCUMAN_BURRUYACU,"Burruyacu, Tucuman",UNION POR LA PATRIA,0.74,1.89,6.56,26.69,64.12,222,563,1956,7960,19127,79.03,38421,30364,1.36,0.03,0.38,412,9
512,TUCUMAN_CAPITAL,"Capital, Tucuman",LA LIBERTAD AVANZA,1.92,4.96,19.99,37.86,35.26,6799,17570,70807,134068,124880,79.87,460293,367623,2.59,0.08,1.01,9506,296
513,TUCUMAN_CHICLIGASTA,"Chicligasta, Tucuman",UNION POR LA PATRIA,1.04,3.95,15.7,33.3,46.0,590,2241,8898,18871,26068,82.37,70534,58101,1.77,0.01,0.69,1029,3
514,TUCUMAN_CRUZ ALTA,"Cruz Alta, Tucuman",UNION POR LA PATRIA,1.54,2.95,8.02,34.45,53.04,2197,4207,11459,49213,75761,84.38,174044,146863,1.94,0.07,0.73,2852,105
515,TUCUMAN_FAMAILLA,"Famailla, Tucuman",UNION POR LA PATRIA,0.97,3.29,8.09,36.37,51.28,257,872,2143,9638,13591,82.96,32781,27195,1.81,0.02,0.72,492,5
516,TUCUMAN_GRANEROS,"Graneros, Tucuman",UNION POR LA PATRIA,0.61,2.04,6.54,20.99,69.83,61,205,658,2113,7029,81.47,12607,10271,1.66,0.02,0.31,171,2
517,TUCUMAN_JUAN BAUTISTA ALBERDI,"Juan Bautista Alberdi, Tucuman",UNION POR LA PATRIA,0.8,3.22,12.89,32.07,51.02,173,694,2778,6909,10992,80.86,27193,21988,1.52,0.02,0.47,335,4
518,TUCUMAN_LA COCHA,"La Cocha, Tucuman",UNION POR LA PATRIA,0.59,2.33,8.76,31.05,57.27,82,324,1218,4317,7961,83.28,17054,14203,1.5,0.01,0.61,213,1
519,TUCUMAN_LEALES,"Leales, Tucuman",UNION POR LA PATRIA,0.66,2.38,12.63,26.93,57.41,275,992,5262,11221,23924,83.13,51229,42585,1.48,0.04,0.62,631,18
520,TUCUMAN_LULES,"Lules, Tucuman",UNION POR LA PATRIA,1.06,4.11,12.55,39.03,43.25,495,1918,5859,18228,20199,83.26,57830,48151,2.05,0.12,0.84,987,59
521,TUCUMAN_MONTEROS,"Monteros, Tucuman",UNION POR LA PATRIA,0.94,3.56,8.98,28.86,57.66,449,1705,4300,13817,27605,83.92,58197,48841,1.52,0.03,0.43,741,16
522,TUCUMAN_RIO CHICO,"Rio Chico, Tucuman",UNION POR LA PATRIA,0.88,3.11,8.29,26.28,61.44,373,1313,3504,11107,25969,84.23,51352,43254,1.85,0.03,0.4,802,13
523,TUCUMAN_SIMOCA,"Simoca, Tucuman",UNION POR LA PATRIA,0.56,2.33,8.53,24.96,63.62,134,561,2053,6006,15310,83.38,29332,24458,1.29,0.0,0.32,315,1
524,TUCUMAN_TAFI DEL VALLE,"Tafi Del Valle, Tucuman",UNION POR LA PATRIA,1.53,3.53,8.66,31.02,55.25,194,448,1098,3932,7003,79.98,16366,13089,1.96,0.21,0.99,257,28
525,TUCUMAN_TAFI VIEJO,"Tafi Viejo, Tucuman",LA LIBERTAD AVANZA,1.78,4.96,12.1,41.11,40.05,1784,4961,12111,41138,40079,81.97,126027,103310,1.99,0.13,1.01,2054,135
526,TUCUMAN_TRANCAS,"Trancas, Tucuman",UNION POR LA PATRIA,0.79,3.39,9.25,37.28,49.28,106,453,1236,4982,6585,80.94,17019,13776,2.05,0.14,0.81,283,19
527,TUCUMAN_YERBA BUENA,"Yerba Buena, Tucuman",LA LIBERTAD AVANZA,1.52,4.83,28.08,35.48,30.09,961,3059,17790,22472,19062,82.48,79214,65333,2.04,0.17,0.83,1336,109
